,TimeStep,GHI,Load,T,Wind
0,0,0.0,378.9841602619689,16.894702449977622,1.0756163893222737
0,1,0.0,366.7451661757064,16.502358473462806,1.0756163893222737
0,2,0.0,360.51557331961527,16.60044446759151,1.0756163893222737
0,3,0.0,355.8273229434921,16.404272479334104,1.0756163893222737
0,4,9.838866610206566,372.38758099650164,16.404272479334104,1.0756163893222737
0,5,78.71093288165252,389.80566958918524,16.01192850281929,0.0
0,6,169.44714717577972,442.37646109788597,16.60044446759151,1.0756163893222737
0,7,263.46298367330917,476.8961125526026,17.875562391264648,1.0756163893222737
0,8,347.63995356063197,496.36473716590046,18.46407835603687,1.0756163893222737
0,9,416.5120198320779,500.2502049337962,19.54302429145261,1.0756163893222737
0,10,465.70635288311075,511.213921492149,20.42579823861093,3.226849167966821
0,11,490.85012310919416,517.5903089319637,21.210486191640555,2.1512327786445473
0,12,257.99694666763884,511.6313684803845,20.033454262096118,2.1512327786445473
0,13,244.87845785403007,518.847237149391,18.365992361908166,2.1512327786445473
0,14,217.5482728256785,512.1222126106825,17.58130440887854,1.0756163893222737
0,15,180.37922118712035,505.0806624411896,17.77747639713595,1.0756163893222737
0,16,255.8105318653707,502.48882151168556,17.679390403007243,2.1512327786445473
0,17,162.88790276897535,489.76815800029954,18.169820373650765,1.0756163893222737
0,18,72.15168847484814,486.300137120773,17.875562391264648,1.0756163893222737
0,19,3.279622203402189,479.19436441452564,17.090874438235023,1.0756163893222737
0,20,0.0,464.2167349149018,16.60044446759151,3.226849167966821
0,21,0.0,446.75277299607967,15.423412538047074,1.0756163893222737
0,22,0.0,430.07783172758997,15.227240549789672,1.0756163893222737
0,23,0.0,399.4436480407691,15.03106856153226,1.0756163893222737
0,24,0.0,378.2089016693977,15.03106856153226,1.0756163893222737
0,25,0.0,367.72685463603483,14.834896573274857,2.1512327786445473
0,26,0.0,363.13035091218865,14.344466602631343,3.226849167966821
0,27,0.0,363.35054263797485,14.148294614373928,2.1512327786445473
0,28,9.838866610206566,367.72226728344776,13.657864643730418,3.226849167966821
0,29,78.71093288165252,389.3102380064339,12.77509069657209,3.226849167966821
0,30,169.44714717577972,439.19744203321955,12.677004702443382,3.226849167966821
0,31,261.276568871041,476.57958682195215,12.77509069657209,3.226849167966821
0,32,347.63995356063197,505.21828231973916,13.167434673086904,2.1512327786445473
0,33,416.5120198320779,508.2826181689254,13.755950637859122,2.1512327786445473
0,34,465.70635288311075,513.9204456371334,13.461692655473016,2.1512327786445473
0,35,489.75691570806015,524.8061776009704,15.325326543918372,3.226849167966821
0,36,489.75691570806015,534.0909317009398,16.698530461720217,2.1512327786445473
0,37,462.4267306797085,538.6966101299599,15.717670520433186,3.226849167966821
0,38,412.13919022754175,528.0723559653268,14.736810579146145,2.1512327786445473
0,39,342.1739165549617,515.2874697174534,15.227240549789672,2.1512327786445473
0,40,255.8105318653707,503.2273815831584,14.736810579146145,2.1512327786445473
0,41,162.88790276897535,495.31882616881757,14.932982567403561,2.1512327786445473
0,42,38.2622590396922,486.5432656094946,13.0693486789582,2.1512327786445473
0,43,5.466037005670313,483.056895519352,12.77509069657209,2.1512327786445473
0,44,0.0,468.49212555551037,12.480832714185983,3.226849167966821
0,45,0.0,452.67960217928163,12.088488737671168,2.1512327786445473
0,46,0.0,432.463242889203,11.99040274354247,1.0756163893222737
0,47,0.0,402.68230238946904,11.401886778770251,1.0756163893222737
0,48,0.0,386.85142960289204,11.107628796384141,1.0756163893222737
0,49,0.0,376.6996703579409,10.91145680812673,1.0756163893222737
0,50,0.0,374.818865384387,10.421026837483215,1.0756163893222737
0,51,0.0,378.25936224825716,10.715284819869327,2.1512327786445473
0,52,9.838866610206566,382.7228334461409,10.813370813998029,1.0756163893222737
0,53,78.71093288165252,397.51238248835585,10.617198825740623,2.1512327786445473
0,54,169.44714717577972,453.4915594926834,10.91145680812673,2.1512327786445473
0,55,261.276568871041,496.0940847613887,10.322940843354507,2.1512327786445473
0,56,346.54674615949796,522.0491927772605,10.519112831611922,2.1512327786445473
0,57,416.5120198320779,527.4668285196825,11.892316749413766,2.1512327786445473
0,58,626.4078408498181,534.4625053630365,11.99040274354247,3.226849167966821
0,59,777.2704622063187,545.577603757834,13.265520667215599,3.226849167966821
0,60,489.75691570806015,552.3989621016744,11.598058767027654,5.378081946611368
0,61,462.4267306797085,546.0317493670339,9.636338884453592,3.226849167966821
0,62,413.2323976286757,542.527029866543,12.971262684829497,4.302465557289095
0,63,341.0807091538276,525.1731639104803,11.009542802255437,3.226849167966821
0,64,255.8105318653707,515.2232470808332,11.205714790512836,2.1512327786445473
0,65,219.7346876279466,513.0763771552206,10.519112831611922,2.1512327786445473
0,66,98.38866610206564,507.2917551032889,10.028682860968402,2.1512327786445473
0,67,6.559244406804378,497.19963114237123,9.832510872710996,2.1512327786445473
0,68,0.0,479.4283181980731,8.851650931423963,2.1512327786445473
0,69,0.0,463.7029540216683,8.949736925552669,0.0
0,70,0.0,436.40834594113244,8.851650931423963,2.1512327786445473
0,71,0.0,410.976193423802,8.851650931423963,1.0756163893222737
0,72,0.0,389.83778085756245,8.949736925552669,1.0756163893222737
0,73,0.0,378.4566174108402,9.047822919681373,2.1512327786445473
0,74,0.0,368.47458931281557,9.145908913810077,2.1512327786445473
0,75,0.0,367.5066628103824,9.145908913810077,2.1512327786445473
0,76,4.372829604536251,374.5115143589108,9.047822919681373,2.1512327786445473
0,77,77.61772548051846,388.3973595353132,9.145908913810077,3.226849167966821
0,78,169.44714717577972,437.74325865320924,9.734424878582292,2.1512327786445473
0,79,261.276568871041,478.0750560756478,9.734424878582292,1.0756163893222737
0,80,346.54674615949796,497.3051396526772,10.224854849225812,3.226849167966821
0,81,415.41881243094383,487.96992497384866,11.009542802255437,4.302465557289095
0,82,465.70635288311075,495.0114751433413,10.421026837483215,3.226849167966821
0,83,489.75691570806015,503.28701676732595,9.734424878582292,3.226849167966821
0,84,489.75691570806015,505.8192225126626,11.303800784641544,3.226849167966821
0,85,462.4267306797085,510.7781251934313,12.77509069657209,4.302465557289095
0,86,554.2561523749698,502.02550129717775,12.971262684829497,4.302465557289095
0,87,542.2308709624951,491.1076580649634,13.559778649601714,3.226849167966821
0,88,447.12182706383163,475.4281672146972,12.873176690700797,3.226849167966821
0,89,299.5388279107332,470.27659662406614,11.794230755285053,4.302465557289095
0,90,137.74413254289192,464.56995926651643,11.892316749413766,4.302465557289095
0,91,12.02528141247469,458.3082550421819,10.813370813998029,4.302465557289095
0,92,0.0,438.16529289416565,9.342080902067481,3.226849167966821
0,93,0.0,418.90768540134604,8.361220960780448,3.226849167966821
0,94,0.0,411.87072258444033,7.870790990136933,3.226849167966821
0,95,0.0,391.4479334266043,7.576533007750826,3.226849167966821
0,96,0.0,388.4432328614518,7.478447013622123,3.226849167966821
0,97,0.0,372.76374201118557,7.184189031236012,3.226849167966821
0,98,0.0,366.20844871926994,7.7727049960082315,2.1512327786445473
0,99,0.0,358.12557480541517,8.165048972523046,2.1512327786445473
0,100,17.491318418145003,351.7812987338439,6.791845054721201,2.1512327786445473
0,101,147.58299915309848,345.4507845203014,8.459306954909154,0.0
0,102,309.37769452093977,357.39618953898264,9.734424878582292,2.1512327786445473
0,103,478.8248416967195,387.7597208212917,10.813370813998029,3.226849167966821
0,104,632.9670852566225,420.4444406285931,12.284660725928575,2.1512327786445473
0,105,722.6100921496156,439.6011269636939,14.148294614373928,1.0756163893222737
0,106,736.8217883643583,438.651549871609,14.540638590888747,1.0756163893222737
0,107,659.2040628838398,435.47253080694253,15.81575651456189,2.1512327786445473
0,108,659.2040628838398,430.15581632210586,16.502358473462806,2.1512327786445473
0,109,734.6353735620902,412.31110613587884,17.090874438235023,2.1512327786445473
0,110,555.3493597761039,395.0948600583655,17.77747639713595,2.1512327786445473
0,111,342.1739165549617,386.3376488095247,17.58130440887854,2.1512327786445473
0,112,256.9037392665047,384.0623335108048,16.894702449977622,2.1512327786445473
0,113,163.98111017010942,393.2002931269167,16.698530461720217,3.226849167966821
0,114,99.48187350319972,396.2462796656206,16.306186485205405,1.0756163893222737
0,115,9.838866610206566,391.3837107899836,14.736810579146145,2.1512327786445473
0,116,0.0,374.69042021101177,13.952122626116529,1.0756163893222737
0,117,0.0,362.5477601296136,13.657864643730418,1.0756163893222737
0,118,0.0,360.96971882894894,13.657864643730418,2.1512327786445473
0,119,0.0,339.41844672692713,13.657864643730418,2.1512327786445473
0,120,0.0,341.2350290638602,13.0693486789582,1.0756163893222737
0,121,0.0,332.47323056229857,13.363606661344312,2.1512327786445473
0,122,0.0,321.39024343587835,13.0693486789582,2.1512327786445473
0,123,0.0,319.97734602941955,12.77509069657209,2.1512327786445473
0,124,17.491318418145003,321.15170229974393,12.677004702443382,2.1512327786445473
0,125,146.48979175196442,321.40859274636057,13.461692655473016,1.0756163893222737
0,126,169.44714717577972,329.5327525339006,13.461692655473016,1.0756163893222737
0,127,350.91957576403416,344.51955673869867,14.932982567403561,2.1512327786445473
0,128,465.70635288311075,360.89632158702017,15.423412538047074,2.1512327786445473
0,129,658.1108554827057,380.13099251663675,16.698530461720217,3.226849167966821
0,130,735.7285809632243,396.6086786225433,18.071734379522056,3.226849167966821
0,131,776.1772548051845,414.8524864865235,18.85642233255168,3.226849167966821
0,132,775.0840474040505,416.6369574552131,19.346852303195195,3.226849167966821
0,133,463.5199380808426,411.2743697441039,19.346852303195195,3.226849167966821
0,134,413.2323976286757,399.97119089189755,19.444938297323898,4.302465557289095
0,135,342.1739165549617,389.1129829437169,19.346852303195195,4.302465557289095
0,136,346.54674615949796,389.36069868515955,19.935368267967416,3.226849167966821
0,137,87.45659209072501,391.9846508830409,18.66025034429428,3.226849167966821
0,138,39.35546644082626,399.89779364996883,17.188960432363732,4.302465557289095
0,139,4.372829604536251,399.80604699769185,16.208100491076692,4.302465557289095
0,140,0.0,388.9937123756496,12.873176690700797,4.302465557289095
0,141,0.0,381.4246193550284,12.284660725928575,4.302465557289095
0,142,0.0,384.39262129921644,11.794230755285053,4.302465557289095
0,143,0.0,365.41025346362954,11.107628796384141,3.226849167966821
0,144,0.0,349.4417608983693,10.322940843354507,4.302465557289095
0,145,0.0,339.877179688714,9.832510872710996,3.226849167966821
0,146,0.0,338.86337996000856,8.65547894316656,4.302465557289095
0,147,0.0,339.2395409746924,7.67461900187953,3.226849167966821
0,148,8.745659209072501,345.65262703547154,7.380361019493419,2.1512327786445473
0,149,123.53243632814909,371.6673703353771,7.282275025364715,2.1512327786445473
0,150,169.44714717577972,432.0962565796932,7.968876984265639,2.1512327786445473
0,151,137.74413254289192,470.00594421955435,8.557392949037856,3.226849167966821
0,152,182.56563598938848,493.4609578583329,8.557392949037856,3.226849167966821
0,153,415.41881243094383,497.36018758412376,9.538252890324886,2.1512327786445473
0,154,625.3146334486839,515.7737265950308,10.519112831611922,3.226849167966821
0,155,658.1108554827057,529.930224175945,11.499972772898952,3.226849167966821
0,156,489.75691570806015,525.2098625314445,12.088488737671168,3.226849167966821
0,157,463.5199380808426,524.7373677116287,12.578918708314687,3.226849167966821
0,158,555.3493597761039,518.9435710543892,13.657864643730418,3.226849167966821
0,159,461.3335232785745,522.1547013874326,13.755950637859122,3.226849167966821
0,160,408.8595680241395,508.93860629329527,13.167434673086904,3.226849167966821
0,161,301.7252427130013,493.92427817270703,13.952122626116529,2.1512327786445473
0,162,138.83733994402598,493.92886542542783,12.873176690700797,2.1512327786445473
0,163,14.211696214742819,494.1536446036673,12.186574731799872,1.0756163893222737
0,164,0.0,477.32732139886696,10.813370813998029,1.0756163893222737
0,165,0.0,459.8587722273239,10.126768855097106,1.0756163893222737
0,166,0.0,447.10140999510725,9.930596866839704,1.0756163893222737
0,167,0.0,419.8343258303617,9.145908913810077,0.0
1,0,0.0,367.74979129910406,16.404272479334104,1.0756163893222737
1,1,0.0,355.6575917965653,16.01192850281929,1.0756163893222737
1,2,0.0,347.58847994047187,15.619584526304479,1.0756163893222737
1,3,0.0,347.3820500727146,14.63872458501745,1.0756163893222737
1,4,0.0,351.51982093464,13.755950637859122,0.0
1,5,4.372829604536251,373.3922061198992,13.265520667215599,1.0756163893222737
1,6,45.91471084763064,417.74709108891676,13.461692655473016,1.0756163893222737
1,7,96.20225129979752,448.95469095300484,14.246380608502635,1.0756163893222737
1,8,143.21016954856225,471.8133518513132,14.834896573274857,2.1512327786445473
1,9,345.4535387583638,481.3091230717606,15.81575651456189,1.0756163893222737
1,10,399.0207014139329,492.9976376438252,16.404272479334104,2.1512327786445473
1,11,426.3508864422845,505.3696642560498,17.973648385393354,2.1512327786445473
1,12,427.44409384341856,505.20910771443107,17.77747639713595,1.0756163893222737
1,13,401.2071162162011,496.9748519641319,18.758336338422982,1.0756163893222737
1,14,348.73316096176603,488.25433933625544,18.758336338422982,1.0756163893222737
1,15,275.48826508578384,477.7539430922765,19.444938297323898,1.0756163893222737
1,16,186.93846559392472,468.4233156661687,18.85642233255168,2.1512327786445473
1,17,123.53243632814909,463.5653341431188,19.05259432080909,1.0756163893222737
1,18,17.491318418145003,459.9918047532863,17.58130440887854,2.1512327786445473
1,19,0.0,454.32186601670105,16.796616455848916,2.1512327786445473
1,20,0.0,441.28008942207737,16.01192850281929,1.0756163893222737
1,21,0.0,437.8579418686894,16.306186485205405,1.0756163893222737
1,22,0.0,411.4303389331356,16.01192850281929,2.1512327786445473
1,23,0.0,381.44296866551053,15.521498532175778,1.0756163893222737
1,24,0.0,360.6623678034727,15.03106856153226,1.0756163893222737
1,25,0.0,351.31797841946974,15.129154555660964,2.1512327786445473
1,26,0.0,346.33613907563176,14.442552596760043,1.0756163893222737
1,27,0.0,346.32237711773666,14.442552596760043,2.1512327786445473
1,28,0.0,350.5243705164165,14.834896573274857,2.1512327786445473
1,29,13.118488813608757,371.2682726576238,14.736810579146145,1.0756163893222737
1,30,158.51507316443912,419.57284813102393,15.325326543918372,1.0756163893222737
1,31,327.96222034021883,449.8125214926786,15.913842508690585,1.0756163893222737
1,32,502.8754045216689,473.15285201584345,17.679390403007243,2.1512327786445473
1,33,641.7127444656949,486.23132723143135,18.66025034429428,2.1512327786445473
1,34,741.1946179688946,494.3600743715584,19.05259432080909,1.0756163893222737
1,35,737.9149957654923,507.4431369397334,19.73919627971001,1.0756163893222737
1,36,776.1772548051845,508.6771284940915,21.210486191640555,3.226849167966821
1,37,728.0761291552858,501.84659544507684,22.289432127056287,3.226849167966821
1,38,648.2719888724993,492.58477800817684,21.799002156412772,3.226849167966821
1,39,513.8074785330094,484.71292131466635,22.093260138798886,2.1512327786445473
1,40,346.54674615949796,473.7859033772778,21.799002156412772,3.226849167966821
1,41,167.26073237351162,468.81323863874775,21.60283016815537,2.1512327786445473
1,42,17.491318418145003,466.58379666616634,20.62197022686834,1.0756163893222737
1,43,0.0,461.3955274545711,19.15068031493779,1.0756163893222737
1,44,0.0,450.9043058159001,18.169820373650765,2.1512327786445473
1,45,0.0,446.8674562115599,17.287046426492434,2.1512327786445473
1,46,0.0,420.93069750617013,16.698530461720217,3.226849167966821
1,47,0.0,390.6864367919284,15.913842508690585,3.226849167966821
1,48,0.0,366.65800697588264,15.81575651456189,2.1512327786445473
1,49,0.0,353.11162409333355,15.81575651456189,3.226849167966821
1,50,0.0,345.2581167103054,15.521498532175778,3.226849167966821
1,51,0.0,347.038000426274,15.03106856153226,2.1512327786445473
1,52,0.0,353.249243971883,14.540638590888747,2.1512327786445473
1,53,12.02528141247469,375.76844257633826,14.932982567403561,2.1512327786445473
1,54,155.23545096103692,424.38036897534835,15.81575651456189,2.1512327786445473
1,55,334.52146474702323,453.74386258671296,17.48321841474984,1.0756163893222737
1,56,502.8754045216689,476.2080131598554,19.15068031493779,2.1512327786445473
1,57,642.8059518668289,487.2084283391727,20.916228209254445,2.1512327786445473
1,58,743.3810327711627,497.8372698563929,21.504744174026666,3.226849167966821
1,59,795.8549880255978,510.27351900537207,21.504744174026666,3.226849167966821
1,60,796.9481954267318,512.1910225998903,22.583690109442397,3.226849167966821
1,61,741.1946179688946,511.0763016135997,22.976034085957213,3.226849167966821
1,62,642.8059518668289,502.140184512658,23.368378062472022,3.226849167966821
1,63,508.3414415273392,494.93807790141256,23.270292068343323,3.226849167966821
1,64,341.0807091538276,485.7496577064414,22.779862097699805,1.0756163893222737
1,65,157.42186576330505,484.35052225787746,21.897088150541478,2.1512327786445473
1,66,15.30490361587688,479.9375117387196,20.916228209254445,1.0756163893222737
1,67,0.0,471.51058817842414,19.73919627971001,2.1512327786445473
1,68,0.0,459.7073903908795,19.248766309066497,3.226849167966821
1,69,0.0,448.1702576552595,18.66025034429428,3.226849167966821
1,70,0.0,419.85267514084376,18.169820373650765,2.1512327786445473
1,71,0.0,388.5212174559676,17.58130440887854,3.226849167966821
1,72,0.0,368.28192150281967,16.60044446759151,2.1512327786445473
1,73,0.0,355.341066065915,16.60044446759151,3.226849167966821
1,74,0.0,352.08864975931994,16.306186485205405,2.1512327786445473
1,75,0.0,351.84093401787754,16.01192850281929,2.1512327786445473
1,76,0.0,359.1760731550852,16.110014496947997,2.1512327786445473
1,77,9.838866610206566,381.86041555387976,15.913842508690585,2.1512327786445473
1,78,151.95582875763472,432.78894322516135,16.992788444106324,2.1512327786445473
1,79,330.148635142487,464.13875032038584,18.071734379522056,2.1512327786445473
1,80,495.2229527137305,489.6534746849531,20.033454262096118,2.1512327786445473
1,81,635.1535000588906,500.0942357447645,20.52388423273964,3.226849167966821
1,82,682.1614183076553,513.984668273754,21.60283016815537,2.1512327786445473
1,83,768.5248029972462,516.9480828653553,22.485604115313702,2.1512327786445473
1,84,768.5248029972462,513.2277589916649,23.368378062472022,3.226849167966821
1,85,624.2214260475499,504.17695867524327,23.760722038986835,3.226849167966821
1,86,540.044456160227,493.1536068328569,23.564550050729434,3.226849167966821
1,87,359.66523497310664,487.91946429512285,23.368378062472022,1.0756163893222737
1,88,178.19280638485222,480.1072428856461,23.270292068343323,1.0756163893222737
1,89,132.2780955372216,474.8685130951913,23.074120080085915,1.0756163893222737
1,90,8.745659209072501,468.69396807068057,21.995174144670184,1.0756163893222737
1,91,0.0,458.83579789331037,21.014314203383158,1.0756163893222737
1,92,0.0,444.52333102349826,20.22962625035353,2.1512327786445473
1,93,0.0,437.93133911061824,20.131540256224824,1.0756163893222737
1,94,0.0,412.8065377186301,19.54302429145261,1.0756163893222737
1,95,0.0,386.97528752354646,19.15068031493779,1.0756163893222737
1,96,0.0,359.82747392686815,19.248766309066497,0.0
1,97,0.0,355.524559270603,19.248766309066497,0.0
1,98,0.0,349.7261752607762,19.346852303195195,2.1512327786445473
1,99,0.0,350.1115108807682,19.15068031493779,0.0
1,100,0.0,349.6390159610862,18.954508326680386,0.0
1,101,8.745659209072501,353.2217200560928,19.05259432080909,0.0
1,102,144.3033769496963,361.03852881815675,19.641110285581306,0.0
1,103,324.68259813681664,378.84195303083226,21.014314203383158,0.0
1,104,479.9180490978536,397.75092362449027,22.87794809182851,1.0756163893222737
1,105,533.4852117534227,414.0818151466734,23.17220607421462,2.1512327786445473
1,106,713.8644329405431,424.3299083964888,24.054980021372945,2.1512327786445473
1,107,764.1519733927099,434.2660631683748,24.937753968531275,3.226849167966821
1,108,764.1519733927099,433.986236158555,25.33009794504609,3.226849167966821
1,109,731.355751358688,427.3575456247106,25.91861390981831,3.226849167966821
1,110,632.9670852566225,419.1370518323064,25.624355927432198,3.226849167966821
1,111,495.2229527137305,411.471624906687,26.31095788633312,2.1512327786445473
1,112,327.96222034021883,408.10452538461175,25.820527915689606,2.1512327786445473
1,113,151.95582875763472,404.301629563819,25.722441921560897,1.0756163893222737
1,114,9.838866610206566,400.63176626898854,24.643495986145165,0.0
1,115,0.0,395.5123069467348,23.564550050729434,0.9680547503900462
1,116,0.0,387.81935610532537,22.779862097699805,1.1831780282545012
1,117,0.0,379.10801808275687,22.19134613292759,1.3983013061189555
1,118,0.0,365.0065685331554,20.42579823861093,1.2907396671867284
1,119,0.0,349.804159855292,18.169820373650765,1.2907396671867284
1,120,0.0,336.89541578663074,15.521498532175778,1.2907396671867284
1,121,0.0,324.8628515681258,13.461692655473016,1.3983013061189555
1,122,0.0,317.4267910734668,11.892316749413766,1.3983013061189555
1,123,0.0,313.47251341622945,11.696144761156358,1.2907396671867284
1,124,0.0,311.95869475218547,11.401886778770251,1.1831780282545012
1,125,3.279622203402189,314.004643619945,10.519112831611922,1.0756163893222737
1,126,76.5245180793844,319.81678958766696,11.107628796384141,1.0756163893222737
1,127,230.66676163928724,330.3492971998894,12.480832714185983,1.0756163893222737
1,128,260.18336146990697,352.25838090624677,14.246380608502635,2.1512327786445473
1,129,334.52146474702323,365.03409244894556,14.736810579146145,1.0756163893222737
1,130,614.3825594373433,380.68605938342154,16.01192850281929,2.1512327786445473
1,131,722.6100921496156,398.02616328172314,17.188960432363732,2.1512327786445473
1,132,659.2040628838398,401.338214972218,17.090874438235023,2.1512327786445473
1,133,523.6463451432161,394.34253802899747,16.992788444106324,1.0756163893222737
1,134,532.3920043522885,381.9384001483956,18.56216435016557,2.1512327786445473
1,135,352.0127831651683,376.1216669279529,17.973648385393354,3.226849167966821
1,136,172.7267693791819,375.6583466135788,15.129154555660964,2.1512327786445473
1,137,142.11696214742815,382.8145799985518,16.110014496947997,1.0756163893222737
1,138,8.745659209072501,391.434171368843,14.736810579146145,1.0756163893222737
1,139,0.0,388.7047105607894,12.873176690700797,1.0756163893222737
1,140,0.0,389.13591950692006,12.284660725928575,0.0
1,141,0.0,383.9476502953247,11.794230755285053,0.0
1,142,0.0,372.2912470915035,11.696144761156358,0.4302465557289094
1,143,0.0,351.4005503665727,11.499972772898952,0.7529314725255913
1,144,0.0,340.927678038384,11.009542802255437,1.1831780282545012
1,145,0.0,331.78054381696427,10.322940843354507,1.6134245839834105
1,146,0.0,326.30327289037484,10.126768855097106,2.0436711397123197
1,147,0.0,327.84461547020896,11.499972772898952,2.3663560565090025
1,148,0.0,339.77167107854183,11.401886778770251,2.1512327786445473
1,149,3.279622203402189,365.9607329778273,11.009542802255437,3.226849167966821
1,150,139.93054734516002,422.0270691819787,10.91145680812673,0.0
1,151,294.0727909050629,461.69370387473924,12.77509069657209,3.226849167966821
1,152,348.73316096176603,484.1073938690222,14.148294614373928,4.302465557289095
1,153,333.42825734588916,491.99301262029365,14.834896573274857,4.302465557289095
1,154,385.9022126003242,507.14496061943146,16.698530461720217,5.378081946611368
1,155,414.32560502980976,521.7234924413021,16.796616455848916,5.378081946611368
1,156,414.32560502980976,515.9205211787545,16.502358473462806,5.378081946611368
1,157,385.9022126003242,512.7690260298782,15.227240549789672,3.226849167966821
1,158,176.00639158258414,506.0852875645872,15.129154555660964,3.226849167966821
1,159,136.65092514175785,497.7822219249464,15.227240549789672,2.1512327786445473
1,160,89.64300689299316,487.3827468386864,15.129154555660964,3.226849167966821
1,161,75.43131067825033,485.02944704531683,15.521498532175778,3.226849167966821
1,162,3.279622203402189,478.14386606485556,15.521498532175778,3.226849167966821
1,163,0.0,468.29487049279345,15.227240549789672,2.1512327786445473
1,164,0.0,459.5605958071558,14.932982567403561,3.226849167966821
1,165,0.0,447.3399511312418,14.736810579146145,2.1512327786445473
1,166,0.0,420.155438913599,14.834896573274857,2.581479334373457
1,167,0.0,388.1175325254935,14.736810579146145,2.473917695441229
2,0,0.0,377.1721652776227,8.65547894316656,2.2587944175767745
2,1,0.0,366.25890929812937,8.851650931423963,2.689040973305684
2,2,0.0,358.9008334978525,8.949736925552669,3.1192875290345934
2,3,0.0,358.51549777799426,8.949736925552669,3.4419724458312753
2,4,0.0,362.6211573715424,9.047822919681373,3.226849167966821
2,5,0.0,381.6172871650244,9.047822919681373,4.302465557289095
2,6,57.93999226010533,433.3852960654978,9.243994907938777,4.302465557289095
2,7,151.95582875763472,467.34529330084234,10.028682860968402,4.302465557289095
2,8,241.59883565062785,493.97932610415353,10.519112831611922,3.226849167966821
2,9,166.16752497237755,502.52552013264994,11.303800784641544,4.302465557289095
2,10,368.41089418217916,511.8744968692399,12.77509069657209,3.226849167966821
2,11,394.6478718093967,522.4024171288752,13.167434673086904,3.226849167966821
2,12,529.1123821488864,518.7279665813238,14.540638590888747,3.226849167966821
2,13,490.85012310919416,514.06265286827,16.404272479334104,4.302465557289095
2,14,310.47090192207384,506.3330033060299,15.325326543918372,4.302465557289095
2,15,235.03959124382354,497.48863285736525,14.932982567403561,2.1512327786445473
2,16,144.3033769496963,488.4332451883564,14.540638590888747,3.226849167966821
2,17,69.96527367258001,482.42384405805143,13.952122626116529,2.1512327786445473
2,18,0.0,480.74488159966796,13.461692655473016,1.0756163893222737
2,19,0.0,475.9694720237207,13.0693486789582,1.2907396671867284
2,20,0.0,469.50592538408216,12.77509069657209,1.0756163893222737
2,21,0.0,450.66117742704483,12.480832714185983,1.1831780282545012
2,22,0.0,416.2470344826341,11.99040274354247,1.7209862229156376
2,23,0.0,386.4248080093486,11.401886778770251,2.3663560565090025
2,24,0.0,366.6121336497441,10.813370813998029,3.226849167966821
2,25,0.0,353.9923912960768,10.322940843354507,3.7646573626279567
2,26,0.0,347.9967522235333,9.930596866839704,4.302465557289095
2,27,0.0,347.32700214126805,9.734424878582292,4.302465557289095
2,28,0.0,355.3364787133279,9.636338884453592,4.302465557289095
2,29,0.0,381.387920734064,9.243994907938777,4.302465557289095
2,30,29.516599830619693,445.93164107737005,9.342080902067481,4.302465557289095
2,31,78.71093288165252,474.28133496002926,9.440166896196185,5.378081946611368
2,32,125.71885113041722,485.9515001217453,9.342080902067481,4.302465557289095
2,33,165.0743175712435,500.1309343657289,9.047822919681373,3.226849167966821
2,34,192.40450259959505,514.5076237722953,9.145908913810077,4.302465557289095
2,35,392.46145700712856,525.5860235461286,9.734424878582292,4.302465557289095
2,36,390.2750422048605,524.4162546283912,10.91145680812673,3.226849167966821
2,37,360.7584423742407,520.5537235235648,11.696144761156358,4.302465557289095
2,38,485.38408610352394,511.0441903452224,11.598058767027654,4.302465557289095
2,39,421.9780568377482,505.66784057635186,11.99040274354247,4.302465557289095
2,40,190.21808779732694,491.83704343126203,11.696144761156358,3.226849167966821
2,41,49.19433305103282,488.57545241949293,11.303800784641544,3.226849167966821
2,42,0.0,484.3459350051566,11.009542802255437,3.226849167966821
2,43,0.0,477.519989308729,10.322940843354507,4.302465557289095
2,44,0.0,474.6666705800212,9.636338884453592,3.226849167966821
2,45,0.0,457.1293114192703,9.440166896196185,2.1512327786445473
2,46,0.0,426.2703485542101,9.440166896196185,2.1512327786445473
2,47,0.0,397.154570784154,9.342080902067481,2.1512327786445473
2,48,0.0,373.08485499455696,9.440166896196185,3.226849167966821
2,49,0.0,361.18991065460125,9.243994907938777,3.226849167966821
2,50,0.0,354.87774585140716,8.949736925552669,3.226849167966821
2,51,0.0,353.4969598131918,8.75356493729526,3.226849167966821
2,52,0.0,362.6211573715424,8.361220960780448,3.226849167966821
2,53,0.0,386.84225499758406,7.968876984265639,2.1512327786445473
2,54,54.66037005670314,447.2160932105875,7.870790990136933,3.226849167966821
2,55,147.58299915309848,474.6391465643648,8.459306954909154,3.226849167966821
2,56,236.13279864495755,490.92875221286243,8.851650931423963,2.1512327786445473
2,57,310.47090192207384,501.29152867815816,9.734424878582292,3.226849167966821
2,58,191.31129519846098,513.5213480592462,9.832510872710996,2.1512327786445473
2,59,389.1818348037263,521.7785403727487,10.126768855097106,2.1512327786445473
2,60,388.08862740259224,523.6731073041975,10.813370813998029,2.1512327786445473
2,61,358.5720275719726,525.5080389516128,11.598058767027654,2.1512327786445473
2,62,160.70148796670722,518.6224579711518,11.107628796384141,2.1512327786445473
2,63,228.48034683701914,511.15887356070255,9.930596866839704,1.0756163893222737
2,64,73.24489587598221,499.66302679863406,10.617198825740623,2.1512327786445473
2,65,24.05056282494938,498.5987664910689,10.028682860968402,3.226849167966821
2,66,0.0,492.0664098622226,9.734424878582292,2.1512327786445473
2,67,0.0,507.7504880650758,9.538252890324886,2.1512327786445473
2,68,0.0,578.4228801067541,9.440166896196185,3.226849167966821
2,69,0.0,573.1474515954687,9.243994907938777,3.226849167966821
2,70,0.0,459.32664202360843,9.145908913810077,3.226849167966821
2,71,0.0,399.26474218866827,9.047822919681373,3.226849167966821
2,72,0.0,380.62183674680085,9.047822919681373,3.226849167966821
2,73,0.0,367.08921592201307,8.949736925552669,4.302465557289095
2,74,0.0,362.9514450600878,8.459306954909154,3.226849167966821
2,75,0.0,363.3000820591154,8.263134966651748,3.226849167966821
2,76,0.0,371.4884644832762,7.870790990136933,3.226849167966821
2,77,0.0,393.5672794364265,7.7727049960082315,2.1512327786445473
2,78,27.33018502835157,450.1795078021885,8.06696297839434,2.1512327786445473
2,79,76.5245180793844,481.86418993854556,8.459306954909154,2.1512327786445473
2,80,123.53243632814909,500.1355217183159,8.557392949037856,2.1512327786445473
2,81,162.88790276897535,508.86979630408746,8.949736925552669,2.1512327786445473
2,82,190.21808779732694,518.3518055666398,8.75356493729526,2.1512327786445473
2,83,204.42978401206975,525.5493249251642,9.145908913810077,2.1512327786445473
2,84,384.8090051991901,525.2649105627573,10.322940843354507,2.1512327786445473
2,85,355.2924053685704,519.4711139055177,11.107628796384141,2.1512327786445473
2,86,523.6463451432161,510.93868173505007,12.382746720057279,3.226849167966821
2,87,356.38561276970444,504.4843097007195,13.461692655473016,3.226849167966821
2,88,180.37922118712035,493.56187911591803,13.167434673086904,2.1512327786445473
2,89,42.63508864422845,489.07088390237806,12.971262684829497,1.0756163893222737
2,90,0.0,477.43283000903915,11.598058767027654,2.1512327786445473
2,91,0.0,470.5747730442343,10.126768855097106,1.0756163893222737
2,92,0.0,468.66185680230336,9.636338884453592,2.1512327786445473
2,93,0.0,453.7255132762308,9.538252890324886,1.0756163893222737
2,94,0.0,422.2564356129391,9.440166896196185,1.0756163893222737
2,95,0.0,395.149907989812,9.047822919681373,1.0756163893222737
2,96,0.0,373.99314621295645,8.459306954909154,1.0756163893222737
2,97,0.0,360.4192394146173,8.263134966651748,1.0756163893222737
2,98,0.0,349.3454269933713,8.263134966651748,2.1512327786445473
2,99,0.0,346.7719352744831,7.870790990136933,2.1512327786445473
2,100,0.0,347.4829713302997,7.576533007750826,2.1512327786445473
2,101,0.0,350.76291165255105,7.67461900187953,2.1512327786445473
2,102,67.7788588703119,367.14885120604674,8.263134966651748,3.226849167966821
2,103,143.21016954856225,382.46135574680324,9.342080902067481,3.226849167966821
2,104,122.43922892701504,410.63214367749526,10.519112831611922,3.226849167966821
2,105,161.79469536784129,434.9587499137092,10.028682860968402,4.302465557289095
2,106,189.12488039619285,446.90415483252417,10.617198825740623,5.378081946611368
2,107,383.71579779805603,449.8675694241254,10.813370813998029,6.453698335933642
2,108,202.2433692098016,439.5093804112829,11.696144761156358,6.453698335933642
2,109,185.84525819279068,433.43116929177006,11.499972772898952,7.529314725255913
2,110,157.42186576330505,424.7565299900323,10.617198825740623,6.453698335933642
2,111,116.97319192134474,419.4902761839211,10.715284819869327,7.529314725255913
2,112,69.96527367258001,412.48083728280557,10.91145680812673,5.378081946611368
2,113,20.770940621547194,413.70106687926847,10.715284819869327,5.378081946611368
2,114,0.0,411.87530983716124,10.91145680812673,5.378081946611368
2,115,0.0,410.4257139096041,11.303800784641544,7.529314725255913
2,116,0.0,402.5446825109195,11.401886778770251,5.378081946611368
2,117,0.0,382.1264807056707,11.499972772898952,5.378081946611368
2,118,0.0,367.6763940571753,11.401886778770251,4.302465557289095
2,119,0.0,353.63457969174124,11.107628796384141,4.302465557289095
2,120,0.0,339.08357178566075,10.519112831611922,4.302465557289095
2,121,0.0,330.10616871116764,10.224854849225812,5.378081946611368
2,122,0.0,321.362719420222,9.538252890324886,4.302465557289095
2,123,0.0,319.9681714241115,9.440166896196185,4.302465557289095
2,124,0.0,315.8395751674941,9.243994907938777,4.302465557289095
2,125,0.0,313.76610248381047,9.145908913810077,5.378081946611368
2,126,25.143770226083443,326.98678493053495,8.949736925552669,4.302465557289095
2,127,74.33810327711628,336.32199960936384,9.047822919681373,5.378081946611368
2,128,121.34602152588099,356.8273607143026,9.145908913810077,5.378081946611368
2,129,159.60828056557318,376.95656080455757,9.342080902067481,5.378081946611368
2,130,188.0316729950588,394.7875090328894,9.636338884453592,5.378081946611368
2,131,201.15016180866755,418.38472990280457,9.832510872710996,4.302465557289095
2,132,200.05695440753348,421.022444058581,10.028682860968402,4.302465557289095
2,133,184.75205079165661,413.8707980261952,10.519112831611922,3.226849167966821
2,134,155.23545096103692,399.0124390946385,10.813370813998029,2.1512327786445473
2,135,218.64148022681255,388.3239622933846,11.598058767027654,2.1512327786445473
2,136,127.90526593268535,378.2639496008441,12.088488737671168,2.1512327786445473
2,137,38.2622590396922,383.94306304260374,11.598058767027654,3.226849167966821
2,138,0.0,395.14073328463786,11.205714790512836,2.1512327786445473
2,139,0.0,396.8518071112649,10.715284819869327,2.1512327786445473
2,140,0.0,403.84289660203206,10.322940843354507,2.1512327786445473
2,141,0.0,392.5351303972387,10.322940843354507,2.1512327786445473
2,142,0.0,377.74558135502366,10.126768855097106,2.1512327786445473
2,143,0.0,356.0704514322138,10.028682860968402,1.0756163893222737
2,144,0.0,343.5332810256494,9.636338884453592,1.0756163893222737
2,145,0.0,333.99622383165047,9.538252890324886,1.0756163893222737
2,146,0.0,331.2438263605276,9.440166896196185,2.1512327786445473
2,147,0.0,328.5923501469898,9.440166896196185,2.1512327786445473
2,148,0.0,335.5559157219669,9.538252890324886,2.1512327786445473
2,149,0.0,356.54294625202965,9.832510872710996,2.1512327786445473
2,150,45.91471084763064,422.9170109900299,10.126768855097106,3.226849167966821
2,151,137.74413254289192,457.7852994437742,10.519112831611922,4.302465557289095
2,152,120.2528141247469,479.0292205203198,11.009542802255437,4.302465557289095
2,153,158.51507316443912,496.5619923284834,10.617198825740623,4.302465557289095
2,154,185.84525819279068,507.7504880650758,10.715284819869327,4.302465557289095
2,155,200.05695440753348,520.585834791942,11.205714790512836,4.302465557289095
2,156,198.96374700639944,521.1087903903498,11.598058767027654,3.226849167966821
2,157,346.54674615949796,514.2140347047144,13.265520667215599,3.226849167966821
2,158,154.14224355990285,510.635918062161,14.344466602631343,3.226849167966821
2,159,113.69356971794255,495.9977508563905,14.736810579146145,3.226849167966821
2,160,65.59244406804378,484.0431712324013,15.325326543918372,2.1512327786445473
2,161,18.58452581927907,482.33209750564043,15.227240549789672,2.1512327786445473
2,162,0.0,481.8274913175812,14.736810579146145,2.1512327786445473
2,163,0.0,480.18064012757486,14.63872458501745,1.0756163893222737
2,164,0.0,477.00620841549573,14.442552596760043,2.1512327786445473
2,165,0.0,449.65196495106005,14.442552596760043,1.0756163893222737
2,166,0.0,418.18288738763437,14.246380608502635,1.0756163893222737
2,167,0.0,394.4067606656183,14.050208620245233,1.0756163893222737
3,0,0.0,381.8833522169491,12.382746720057279,2.1512327786445473
3,1,0.0,373.20412556262414,11.598058767027654,2.1512327786445473
3,2,0.0,370.35080693378234,12.088488737671168,2.1512327786445473
3,3,0.0,374.8739134156998,12.873176690700797,2.1512327786445473
3,4,0.0,385.47523091726373,12.186574731799872,3.226849167966821
3,5,0.0,402.122648170097,11.892316749413766,4.302465557289095
3,6,59.03319966123939,459.5651831597429,11.499972772898952,2.1512327786445473
3,7,191.31129519846098,494.0022627672227,12.186574731799872,2.1512327786445473
3,8,280.95430209145417,512.3791030572993,14.148294614373928,4.302465557289095
3,9,282.0475094925882,523.5079635098579,13.952122626116529,4.302465557289095
3,10,332.3350499447551,532.9165754306154,15.129154555660964,6.453698335933642
3,11,357.47882017083856,542.2013295305845,15.619584526304479,5.378081946611368
3,12,353.1059905663023,545.563841799939,16.306186485205405,6.453698335933642
3,13,322.49618333454856,538.1965912944878,16.60044446759151,5.378081946611368
3,14,141.0237547462941,528.4393422748365,16.110014496947997,5.378081946611368
3,15,99.48187350319972,524.8291142640397,15.913842508690585,3.226849167966821
3,16,52.473955254435026,515.6406940690682,15.81575651456189,2.1512327786445473
3,17,7.65245180793844,510.6863786410205,15.423412538047074,3.226849167966821
3,18,0.0,510.1083752110325,12.77509069657209,1.0756163893222737
3,19,0.0,509.74138890152267,12.578918708314687,2.1512327786445473
3,20,0.0,500.76398582702956,11.499972772898952,3.226849167966821
3,21,0.0,476.8227152108077,11.303800784641544,1.0756163893222737
3,22,0.0,444.5416804338465,10.91145680812673,2.1512327786445473
3,23,0.0,423.6326343984336,10.322940843354507,3.226849167966821
3,24,0.0,400.9253553365696,10.126768855097106,2.1512327786445473
3,25,0.0,388.82398112885676,8.75356493729526,3.226849167966821
3,26,0.0,384.88805278210157,8.263134966651748,4.302465557289095
3,27,0.0,387.64045025322434,8.06696297839434,4.302465557289095
3,28,0.0,393.5902160994958,7.380361019493419,4.302465557289095
3,29,0.0,418.4764764552154,7.184189031236012,5.378081946611368
3,30,15.30490361587688,470.6940436123015,7.282275025364715,3.226849167966821
3,31,62.312821864641585,507.7229640494195,7.086103037107311,5.378081946611368
3,32,109.32074011340627,520.7096927125965,7.282275025364715,3.226849167966821
3,33,147.58299915309848,526.6594585588678,7.478447013622123,4.302465557289095
3,34,173.81997678031598,533.2331011612657,7.7727049960082315,3.226849167966821
3,35,186.93846559392472,539.1874543601243,8.65547894316656,3.226849167966821
3,36,185.84525819279068,539.5957266431856,7.968876984265639,4.302465557289095
3,37,320.30976853228043,531.1137551514436,8.165048972523046,5.378081946611368
3,38,481.0112564989876,525.989708476603,8.459306954909154,3.226849167966821
3,39,249.25128745856634,515.5443601640703,7.478447013622123,4.302465557289095
3,40,174.91318418145002,503.9521794970039,8.557392949037856,2.1512327786445473
3,41,19.67773322041313,501.6906262560451,8.06696297839434,2.1512327786445473
3,42,0.0,500.0667118289744,6.595673066463794,4.302465557289095
3,43,0.0,506.3697019269942,5.614813125176764,3.226849167966821
3,44,0.0,500.03001310814375,5.22246914866195,3.226849167966821
3,45,0.0,472.8271515800188,4.830125172147139,2.1512327786445473
3,46,0.0,437.89005323693294,4.339695201503621,1.0756163893222737
3,47,0.0,409.3752155599342,4.045437219117512,1.0756163893222737
3,48,0.0,389.6680497106356,3.653093242602702,1.0756163893222737
3,49,0.0,376.2822233697053,3.4569212543452945,1.0756163893222737
3,50,0.0,365.59374656845137,3.358835260216593,1.0756163893222737
3,51,0.0,370.0663924715093,3.4569212543452945,1.0756163893222737
3,52,0.0,380.1447544745319,3.2607492660878896,1.0756163893222737
3,53,0.0,399.7922850397967,3.5550072484739963,1.0756163893222737
3,54,38.2622590396922,459.28535614992313,3.653093242602702,1.0756163893222737
3,55,116.97319192134474,489.83238053705395,4.4377811956323265,1.0756163893222737
3,56,204.42978401206975,500.4979206752387,5.909071107562873,2.1512327786445473
3,57,372.7837237867154,504.1631967173482,7.086103037107311,3.226849167966821
3,58,599.0776558214664,514.8516734187359,8.65547894316656,2.1512327786445473
3,59,557.5357745783721,530.4164810535221,8.65547894316656,3.226849167966821
3,60,467.89276768537894,537.6323497225289,8.65547894316656,3.226849167966821
3,61,317.03014632887823,543.4261463797684,8.851650931423963,2.1512327786445473
3,62,349.82636836290004,519.0949528908336,10.126768855097106,3.226849167966821
3,63,182.56563598938848,509.40192650780307,9.832510872710996,2.1512327786445473
3,64,92.92262909639534,498.24554213945413,10.028682860968402,3.226849167966821
3,65,10.932074011340626,500.89243100040477,9.342080902067481,2.1512327786445473
3,66,0.0,497.77304721977214,7.870790990136933,2.1512327786445473
3,67,0.0,504.85588336281637,6.988017042978607,2.1512327786445473
3,68,0.0,500.5025080278258,6.497587072335093,2.1512327786445473
3,69,0.0,471.5518741519756,6.301415084077686,2.1512327786445473
3,70,0.0,439.3671731801463,6.301415084077686,2.1512327786445473
3,71,0.0,412.416614746051,6.889931048849903,2.1512327786445473
3,72,0.0,390.07632199369687,6.301415084077686,3.226849167966821
3,73,0.0,381.64481108081446,6.007157101691576,2.1512327786445473
3,74,0.0,376.4840658848755,6.399501078206387,2.1512327786445473
3,75,0.0,373.3417454411736,6.301415084077686,2.1512327786445473
3,76,0.0,384.86970347161935,6.301415084077686,2.1512327786445473
3,77,0.0,404.68237783122396,6.203329089948982,2.1512327786445473
3,78,26.236977627217513,464.2580208884532,5.909071107562873,2.1512327786445473
3,79,114.78677711907658,505.108186456846,6.988017042978607,3.226849167966821
3,80,202.2433692098016,522.4391157498395,8.361220960780448,5.378081946611368
3,81,274.39505768464977,524.6914943854902,10.028682860968402,4.302465557289095
3,82,324.68259813681664,530.1183047332202,11.303800784641544,4.302465557289095
3,83,348.73316096176603,538.1965912944878,11.99040274354247,6.453698335933642
3,84,345.4535387583638,539.5727899801161,11.99040274354247,5.378081946611368
3,85,572.840678194249,526.0309944501543,12.480832714185983,4.302465557289095
3,86,468.98597508651295,516.4939372561553,13.167434673086904,6.453698335933642
3,87,335.6146721481573,504.910931294263,13.461692655473016,5.378081946611368
3,88,166.16752497237755,493.06644753316687,13.0693486789582,4.302465557289095
3,89,14.211696214742819,492.1031084831869,12.382746720057279,3.226849167966821
3,90,0.0,485.7909436799928,10.224854849225812,1.0756163893222737
3,91,0.0,489.85990455271036,10.224854849225812,2.1512327786445473
3,92,0.0,480.0430202490254,9.832510872710996,2.1512327786445473
3,93,0.0,451.5832305034732,8.949736925552669,2.1512327786445473
3,94,0.0,425.9262989077695,8.557392949037856,2.1512327786445473
3,95,0.0,398.2647044178577,8.361220960780448,2.1512327786445473
3,96,0.0,369.1489266478017,8.263134966651748,2.1512327786445473
3,97,0.0,358.24484537348235,8.263134966651748,2.1512327786445473
3,98,0.0,352.2492063009386,8.06696297839434,2.1512327786445473
3,99,0.0,350.5977677583454,8.06696297839434,2.1512327786445473
3,100,0.0,354.78141194640915,7.7727049960082315,2.1512327786445473
3,101,0.0,360.32749276234017,7.870790990136933,2.1512327786445473
3,102,47.0079182487647,372.1765638760234,7.968876984265639,2.1512327786445473
3,103,210.9890284188741,388.57167803482713,8.949736925552669,2.1512327786445473
3,104,347.63995356063197,406.5769447626728,10.224854849225812,2.1512327786445473
3,105,430.7237160468207,425.58224926132897,12.382746720057279,2.1512327786445473
3,106,432.9101308490889,437.6010514220727,13.461692655473016,3.226849167966821
3,107,465.70635288311075,449.6152663300956,13.461692655473016,3.226849167966821
3,108,342.1739165549617,449.32626461510154,14.736810579146145,4.302465557289095
3,109,310.47090192207384,431.3393471977381,15.325326543918372,4.302465557289095
3,110,401.2071162162011,417.0635790487566,15.325326543918372,3.226849167966821
3,111,321.40297593341444,408.4669243415346,16.01192850281929,4.302465557289095
3,112,160.70148796670722,405.4071758449356,15.521498532175778,4.302465557289095
3,113,12.02528141247469,406.6457547518806,14.344466602631343,3.226849167966821
3,114,0.0,411.2147344600704,12.77509069657209,3.226849167966821
3,115,0.0,419.90313581956946,11.892316749413766,2.1512327786445473
3,116,0.0,417.3021201848912,11.401886778770251,2.1512327786445473
3,117,0.0,397.5766051249766,11.107628796384141,2.1512327786445473
3,118,0.0,379.2548126664806,10.519112831611922,1.0756163893222737
3,119,0.0,360.5109859670282,10.715284819869327,1.0756163893222737
3,120,0.0,340.8634554017633,10.813370813998029,1.0756163893222737
3,121,0.0,329.8859768855153,11.499972772898952,2.1512327786445473
3,122,0.0,320.2250618707282,11.009542802255437,2.1512327786445473
3,123,0.0,318.6011473437912,11.107628796384141,0.0
3,124,0.0,320.6425087590975,10.126768855097106,1.0756163893222737
3,125,0.0,325.43626764552675,10.322940843354507,0.0
3,126,22.95735542381532,329.5832132126261,9.538252890324886,1.0756163893222737
3,127,110.41394751454034,342.3222261343608,11.401886778770251,1.0756163893222737
3,128,265.64939847557724,364.73591602877747,13.0693486789582,1.0756163893222737
3,129,427.44409384341856,383.36047216016254,15.521498532175778,2.1512327786445473
3,130,583.7727522055897,397.18668215239745,16.60044446759151,3.226849167966821
3,131,627.501048250952,415.56810979506093,16.698530461720217,2.1512327786445473
3,132,635.1535000588906,429.28422382453675,17.58130440887854,3.226849167966821
3,133,575.0270929965171,421.5499869097096,18.66025034429428,2.1512327786445473
3,134,466.7995602842448,414.68275523973074,18.758336338422982,2.1512327786445473
3,135,324.68259813681664,402.9208435256035,18.758336338422982,1.0756163893222737
3,136,155.23545096103692,390.6726748340332,19.935368267967416,0.0
3,137,9.838866610206566,400.60424225333213,17.287046426492434,0.0
3,138,0.0,403.43003696638374,15.913842508690585,0.0
3,139,0.0,413.66895551102505,15.03106856153226,2.1512327786445473
3,140,0.0,416.999356512002,14.344466602631343,2.1512327786445473
3,141,0.0,401.21894440415065,13.559778649601714,2.1512327786445473
3,142,0.0,391.14058240112814,13.167434673086904,2.1512327786445473
3,143,0.0,368.8461629749128,13.363606661344312,1.0756163893222737
3,144,0.0,353.3134666085038,13.363606661344312,2.1512327786445473
3,145,0.0,343.95531526660574,12.971262684829497,1.0756163893222737
3,146,0.0,338.58814020290947,12.677004702443382,1.0756163893222737
3,147,0.0,342.0790976456391,12.578918708314687,1.0756163893222737
3,148,0.0,352.8317970835138,12.480832714185983,1.0756163893222737
3,149,0.0,379.87868942260707,12.480832714185983,1.0756163893222737
3,150,39.35546644082626,448.8491824426987,12.284660725928575,1.0756163893222737
3,151,202.2433692098016,489.0800586075522,13.167434673086904,1.0756163893222737
3,152,309.37769452093977,505.6632533236311,14.344466602631343,1.0756163893222737
3,153,499.5957823182667,504.15402201217404,17.090874438235023,2.1512327786445473
3,154,596.8912410191983,513.7598890955145,18.365992361908166,2.1512327786445473
3,155,641.7127444656949,533.7193580388428,18.56216435016557,3.226849167966821
3,156,634.0602926577565,528.18245182822,19.15068031493779,2.1512327786445473
3,157,572.840678194249,519.4665265529305,19.346852303195195,3.226849167966821
3,158,465.70635288311075,512.0167041003765,19.248766309066497,4.302465557289095
3,159,319.21656113114636,503.68152709249205,19.444938297323898,2.1512327786445473
3,160,149.7694139553666,492.02053653608397,18.85642233255168,3.226849167966821
3,161,6.559244406804378,489.3874096330283,17.48321841474984,3.226849167966821
3,162,0.0,488.71307229804233,15.619584526304479,3.226849167966821
3,163,0.0,496.29133992397163,14.932982567403561,2.1512327786445473
3,164,0.0,489.5663154851292,15.03106856153226,2.1512327786445473
3,165,0.0,459.1936094976459,14.63872458501745,2.1512327786445473
3,166,0.0,426.4538417588981,14.63872458501745,1.0756163893222737
3,167,0.0,395.61781555690703,14.246380608502635,1.0756163893222737
4,0,0.0,395.9297539349703,7.7727049960082315,5.4856435855435945
4,1,0.0,382.52557828355776,7.478447013622123,6.023451780204731
4,2,0.0,381.01175971937994,7.086103037107311,5.378081946611368
4,3,0.0,390.90204126499367,6.988017042978607,2.689040973305684
4,4,0.0,400.0216514707571,6.007157101691576,3.226849167966821
4,5,0.0,421.8114647089134,5.22246914866195,1.0756163893222737
4,6,0.0,469.56097331552877,4.928211166275841,2.1512327786445473
4,7,30.60980723175376,507.3651523452176,4.732039178018436,1.0756163893222737
4,8,74.33810327711628,519.3105573638989,4.143523213246218,3.226849167966821
4,9,110.41394751454034,524.2419361288775,3.947351224988811,3.226849167966821
4,10,134.46451033948972,534.2056149164199,3.653093242602702,4.302465557289095
4,11,145.39658435083035,536.3662468997935,3.653093242602702,4.302465557289095
4,12,141.0237547462941,541.2838637068768,3.064577277830482,3.226849167966821
4,13,123.53243632814909,526.2099003022549,3.358835260216593,3.226849167966821
4,14,91.82942169526127,517.2370845803491,3.5550072484739963,3.226849167966821
4,15,50.28754045216689,498.1033349083176,3.358835260216593,2.1512327786445473
4,16,15.30490361587688,490.1810175360816,2.9664912837017807,2.1512327786445473
4,17,0.0,485.02944704531683,2.7703192954443736,1.0756163893222737
4,18,0.0,496.8647561012387,2.67223330131567,2.1512327786445473
4,19,0.0,511.0350156400481,2.67223330131567,2.1512327786445473
4,20,0.0,495.1215710062343,2.4760613130582647,2.1512327786445473
4,21,0.0,469.52886194728535,2.377975318929561,2.1512327786445473
4,22,0.0,437.2570017756322,1.7894593541573414,1.0756163893222737
4,23,0.0,406.45767419460554,1.7894593541573414,1.6134245839834105
4,24,0.0,385.0531966763074,1.9856313424147487,2.1512327786445473
4,25,0.0,373.61698519827246,2.67223330131567,1.0756163893222737
4,26,0.0,368.3323820816791,2.868405289573075,1.0756163893222737
4,27,0.0,379.1171927879311,1.9856313424147487,1.0756163893222737
4,28,0.0,388.3147875882104,1.887545348286045,1.0756163893222737
4,29,0.0,407.7146024120327,1.6913733600286398,1.0756163893222737
4,30,0.0,461.285431591678,1.887545348286045,1.0756163893222737
4,31,29.516599830619693,502.9292051629904,2.08371733654345,1.0756163893222737
4,32,72.15168847484814,512.7690260298782,2.377975318929561,1.0756163893222737
4,33,108.22753271227222,515.2737077595585,3.064577277830482,1.0756163893222737
4,34,133.37130293835568,520.2280231876065,3.653093242602702,1.0756163893222737
4,35,272.20864288238164,524.9208608164506,4.732039178018436,1.0756163893222737
4,36,264.5561910744432,525.9575972082255,5.22246914866195,1.0756163893222737
4,37,229.57355423815315,527.5035271406468,5.712899119305466,2.1512327786445473
4,38,170.5403545769138,518.9435710543892,5.8109851134341675,0.0
4,39,92.92262909639534,508.94319354601635,5.909071107562873,1.0756163893222737
4,40,6.559244406804378,497.44734688381385,5.614813125176764,1.0756163893222737
4,41,0.0,495.6582885625371,5.124383154533248,0.0
4,42,0.0,507.8789332384511,4.535867189761029,1.0756163893222737
4,43,0.0,521.4666019946853,3.947351224988811,1.0756163893222737
4,44,0.0,495.9748141933213,3.849265230860107,2.1512327786445473
4,45,0.0,473.983158539861,3.7511792367314034,2.1512327786445473
4,46,0.0,443.38108612141735,3.2607492660878896,2.689040973305684
4,47,0.0,415.7561902524699,2.9664912837017807,3.8722190015601847
4,48,0.0,400.4299237538184,2.868405289573075,4.947835390882458
4,49,0.0,389.4891438585347,2.377975318929561,5.4856435855435945
4,50,0.0,385.47523091726373,1.6913733600286398,5.4856435855435945
4,51,0.0,384.05315890549684,1.397115377642529,5.4856435855435945
4,52,0.0,394.24161687127867,1.2990293835138274,6.5612599748658695
4,53,0.0,419.5453241153676,1.10285739525642,4.302465557289095
4,54,0.0,475.611660319519,1.10285739525642,4.302465557289095
4,55,52.473955254435026,520.5353742130825,0.8085994128703113,4.302465557289095
4,56,134.46451033948972,536.6598359673745,1.2009433893851238,4.302465557289095
4,57,202.2433692098016,538.2929251994857,1.887545348286045,3.226849167966821
4,58,249.25128745856634,548.0455868665498,2.7703192954443736,5.378081946611368
4,59,268.92902067897944,567.3949409117805,4.241609207374919,6.453698335933642
4,60,261.276568871041,572.798814596441,5.124383154533248,5.378081946611368
4,61,303.91165751526944,577.1934759049831,4.928211166275841,5.378081946611368
4,62,290.7931687016607,564.0416033476007,5.026297160404544,6.453698335933642
4,63,156.32865836217098,554.3852755855344,4.830125172147139,4.302465557289095
4,64,19.67773322041313,537.728683727393,4.045437219117512,3.226849167966821
4,65,0.0,529.8155409604649,3.162663271959186,3.226849167966821
4,66,0.0,532.3110479849712,1.9856313424147487,3.226849167966821
4,67,0.0,545.3253006638043,2.08371733654345,3.1192875290345934
4,68,0.0,525.4621656254741,1.887545348286045,3.4419724458312753
4,69,0.0,499.2409925576776,1.6913733600286398,3.9797806404924123
4,70,0.0,475.63918433517534,1.4952013717712325,4.732712113018005
4,71,0.0,433.83485422224436,1.2990293835138274,5.4856435855435945
4,72,0.0,408.8384980036314,1.2009433893851238,5.915890141272505
4,73,0.0,393.04432393788494,1.10285739525642,6.238575058069187
4,74,0.0,381.62187451761145,1.10285739525642,6.453698335933642
4,75,0.0,386.644999835001,0.9066854069990128,6.238575058069187
4,76,0.0,398.44361026995864,0.8085994128703113,6.023451780204731
4,77,0.0,422.31607089697263,0.3181694422267963,5.378081946611368
4,78,0.0,470.63899558098893,0.023911459840686433,5.378081946611368
4,79,95.10904389866347,507.0486267144336,0.121997453969389,4.302465557289095
4,80,248.15808005743224,517.6591189211716,1.397115377642529,6.453698335933642
4,81,376.0633459901176,514.0488909103749,2.7703192954443736,5.378081946611368
4,82,463.5199380808426,515.8700605000286,3.5550072484739963,6.453698335933642
4,83,497.40936751599855,520.861074549041,4.535867189761029,8.60493111457819
4,84,482.1044639001217,524.9254481690377,4.4377811956323265,6.453698335933642
4,85,416.5120198320779,517.3976411219678,5.3205551427906554,6.453698335933642
4,86,309.37769452093977,503.8741949024881,5.418641136919357,7.529314725255913
4,87,162.88790276897535,489.8920158210876,5.516727131048056,8.60493111457819
4,88,17.491318418145003,477.9144995340291,4.535867189761029,7.529314725255913
4,89,0.0,481.2953611138655,3.064577277830482,7.529314725255913
4,90,0.0,491.72694746850294,2.67223330131567,8.60493111457819
4,91,0.0,505.8146351600755,2.181803330672156,9.680547503900462
4,92,0.0,478.6714089159841,1.887545348286045,8.60493111457819
4,93,0.0,454.1154362488099,1.6913733600286398,7.529314725255913
4,94,0.0,437.4450822330412,1.5932873658999362,7.529314725255913
4,95,0.0,411.930357868474,1.0047714011277187,6.453698335933642
4,96,0.0,392.65898831789303,0.8085994128703113,7.529314725255913
4,97,0.0,382.7549448143843,0.8085994128703113,6.453698335933642
4,98,0.0,374.8693260631126,0.612427424612904,8.60493111457819
4,99,0.0,378.71809511017784,0.4162554363554978,9.680547503900462
4,100,0.0,382.0439087585678,-0.07417453428801828,9.680547503900462
4,101,0.0,382.1769412845302,0.121997453969389,8.60493111457819
4,102,0.0,392.9525773854741,-0.27034652254542235,7.529314725255913
4,103,89.64300689299316,415.15066280682566,-0.3684325166741271,6.453698335933642
4,104,243.785250452896,436.11934412627227,0.612427424612904,7.529314725255913
4,105,359.66523497310664,450.01436400784877,1.887545348286045,5.378081946611368
4,106,421.9780568377482,456.55130798928235,3.064577277830482,6.453698335933642
4,107,415.41881243094383,463.3589043752277,4.339695201503621,6.453698335933642
4,108,342.1739165549617,464.95988223909546,4.535867189761029,6.453698335933642
4,109,295.16599830619697,452.8906192997601,5.124383154533248,8.60493111457819
4,110,254.71732446423667,443.05997303817986,5.712899119305466,7.529314725255913
4,111,112.60036231680847,437.8212432477252,5.124383154533248,7.529314725255913
4,112,9.838866610206566,436.4129331938535,4.339695201503621,7.529314725255913
4,113,0.0,439.9084779891699,3.358835260216593,6.453698335933642
4,114,0.0,458.8816711195828,2.7703192954443736,7.529314725255913
4,115,0.0,465.9278086416626,2.2798893248008576,7.529314725255913
4,116,0.0,443.5462300156233,1.6913733600286398,7.529314725255913
4,117,0.0,425.7061070821172,1.2009433893851238,8.60493111457819
4,118,0.0,416.7241167549032,1.2990293835138274,6.453698335933642
4,119,0.0,399.2922662043245,1.0047714011277187,7.529314725255913
4,120,0.0,371.3600193099009,0.8085994128703113,7.529314725255913
4,121,0.0,355.72640168590704,0.4162554363554978,6.453698335933642
4,122,0.0,346.079248629015,-0.1722605284167198,6.453698335933642
4,123,0.0,341.35888698451447,-0.46651851080282963,7.529314725255913
4,124,0.0,342.88188025386654,-0.5646045049315322,7.529314725255913
4,125,0.0,343.322263805305,-0.7607764931889385,8.60493111457819
4,126,0.0,347.4967332881948,-0.9569484814463457,7.529314725255913
4,127,85.2701772884569,357.70354056445876,-0.6626904990602369,7.529314725255913
4,128,237.22600604609164,375.51155212972134,0.22008344809809158,8.60493111457819
4,129,362.9448571765089,403.6043554658976,0.9066854069990128,7.529314725255913
4,130,448.21503446496575,417.11862708006925,2.868405289573075,8.60493111457819
4,131,488.66370830692614,432.5916880625782,3.947351224988811,7.529314725255913
4,132,474.4520120921833,442.9728138383562,4.928211166275841,6.453698335933642
4,133,404.4867384196032,425.2748981359866,6.007157101691576,7.529314725255913
4,134,294.0727909050629,416.22409781956486,6.791845054721201,8.60493111457819
4,135,80.89734768392064,416.22409781956486,6.301415084077686,7.529314725255913
4,136,6.559244406804378,411.4624503013791,5.516727131048056,8.60493111457819
4,137,0.0,415.7011423210233,4.928211166275841,6.453698335933642
4,138,0.0,439.24790261207914,3.947351224988811,7.529314725255913
4,139,0.0,447.42252307834474,3.358835260216593,9.680547503900462
4,140,0.0,429.1007306198487,2.67223330131567,7.529314725255913
4,141,0.0,412.45790071960255,2.2798893248008576,8.60493111457819
4,142,0.0,405.3291912504198,2.2798893248008576,7.529314725255913
4,143,0.0,383.5714893805069,1.9856313424147487,7.529314725255913
4,144,0.0,376.140016238435,1.6913733600286398,7.529314725255913
4,145,0.0,371.24533609442074,1.9856313424147487,7.529314725255913
4,146,0.0,366.60754629715694,1.5932873658999362,6.453698335933642
4,147,0.0,367.37821763700725,1.7894593541573414,7.529314725255913
4,148,0.0,376.78682965763073,1.5932873658999362,7.529314725255913
4,149,0.0,399.9666035393105,1.2990293835138274,7.529314725255913
4,150,0.0,456.0512890539441,1.2990293835138274,7.529314725255913
4,151,42.63508864422845,495.7913210884995,1.397115377642529,8.60493111457819
4,152,123.53243632814909,515.507661543106,2.08371733654345,9.680547503900462
4,153,191.31129519846098,518.4160282032605,2.868405289573075,7.529314725255913
4,154,236.13279864495755,526.774141774348,3.849265230860107,7.529314725255913
4,155,255.8105318653707,533.5450395393292,4.928211166275841,9.680547503900462
4,156,248.15808005743224,524.3015714129112,5.026297160404544,7.529314725255913
4,157,213.17544322114225,520.9161225803537,4.830125172147139,8.60493111457819
4,158,155.23545096103692,513.8011750690662,4.928211166275841,6.453698335933642
4,159,77.61772548051846,501.19978202588095,5.026297160404544,5.378081946611368
4,160,4.372829604536251,493.0297489122025,4.830125172147139,7.529314725255913
4,161,0.0,491.5847402373662,4.4377811956323265,6.453698335933642
4,162,0.0,508.0027911591054,4.830125172147139,5.378081946611368
4,163,0.0,521.636333241478,5.3205551427906554,4.302465557289095
4,164,0.0,495.23625422171455,5.516727131048056,6.453698335933642
4,165,0.0,471.5702234624577,5.8109851134341675,4.302465557289095
4,166,0.0,445.1747317952811,5.614813125176764,6.453698335933642
4,167,0.0,415.471775890063,5.418641136919357,2.1512327786445473
5,0,0.0,411.6551181113751,5.026297160404544,3.226849167966821
5,1,0.0,400.03082617593134,4.339695201503621,2.1512327786445473
5,2,0.0,395.1132093688477,4.045437219117512,2.1512327786445473
5,3,0.0,396.0811357714148,3.5550072484739963,3.226849167966821
5,4,0.0,399.3564887410792,3.162663271959186,3.226849167966821
5,5,0.0,419.18751241116587,2.67223330131567,3.226849167966821
5,6,0.0,471.41884152614705,2.377975318929561,3.226849167966821
5,7,1.0932074011340627,504.805422783957,2.181803330672156,3.226849167966821
5,8,85.2701772884569,511.0487775979431,2.377975318929561,3.226849167966821
5,9,202.2433692098016,514.7232282453608,2.868405289573075,4.302465557289095
5,10,312.65731672434197,519.6133210367879,4.535867189761029,3.226849167966821
5,11,329.05542774135284,529.4485546509552,4.732039178018436,3.226849167966821
5,12,332.3350499447551,529.1733148938563,5.3205551427906554,3.226849167966821
5,13,277.67467988805197,525.71446881937,6.497587072335093,3.226849167966821
5,14,172.7267693791819,521.5078879682368,6.007157101691576,3.226849167966821
5,15,40.44867384196032,519.8381002150275,5.3205551427906554,3.226849167966821
5,16,0.0,514.5122111248827,5.3205551427906554,4.302465557289095
5,17,0.0,534.4670927156237,5.516727131048056,3.226849167966821
5,18,0.0,531.5312020398128,5.3205551427906554,3.226849167966821
5,19,0.0,519.8518621729226,5.22246914866195,3.226849167966821
5,20,0.0,496.08491015608064,4.928211166275841,1.0756163893222737
5,21,0.0,474.3134462284065,5.909071107562873,1.0756163893222737
5,22,0.0,448.80330911656023,6.595673066463794,2.1512327786445473
5,23,0.0,418.50400047087186,6.595673066463794,2.1512327786445473
5,24,0.0,394.6636511122351,6.6937590605924955,2.1512327786445473
5,25,0.0,385.1541178340263,6.399501078206387,1.0756163893222737
5,26,0.0,381.3420474079254,6.595673066463794,1.0756163893222737
5,27,0.0,387.14960602306024,6.497587072335093,1.0756163893222737
5,28,0.0,402.6456037685048,6.595673066463794,1.0756163893222737
5,29,0.0,420.912348195688,7.380361019493419,0.0
5,30,0.0,475.129990794529,6.988017042978607,1.0756163893222737
5,31,1.0932074011340627,513.1956476234218,7.576533007750826,1.0756163893222737
5,32,61.21961446350752,519.319731969207,7.478447013622123,1.0756163893222737
5,33,65.59244406804378,512.9020585558407,8.165048972523046,0.0
5,34,88.54979949185909,521.8290010514743,7.968876984265639,0.0
5,35,251.43770226083444,532.7422569311016,9.047822919681373,1.0756163893222737
5,36,179.2860137859863,533.4899916078824,9.734424878582292,1.0756163893222737
5,37,145.39658435083035,528.5310888272475,9.342080902067481,1.0756163893222737
5,38,121.34602152588099,522.182225403089,8.851650931423963,1.0756163893222737
5,39,21.864148022681253,514.0488909103749,8.06696297839434,2.1512327786445473
5,40,0.0,512.7048034931237,7.478447013622123,2.1512327786445473
5,41,0.0,540.3709852357564,7.478447013622123,1.0756163893222737
5,42,0.0,543.5729409634921,7.576533007750826,2.1512327786445473
5,43,0.0,533.2881490927122,7.184189031236012,2.1512327786445473
5,44,0.0,508.11288702199846,6.988017042978607,1.0756163893222737
5,45,0.0,483.1302927612808,7.086103037107311,0.0
5,46,0.0,460.1202500265278,6.791845054721201,1.0756163893222737
5,47,0.0,431.63752361790625,5.8109851134341675,2.1512327786445473
5,48,0.0,410.99912998700506,4.4377811956323265,1.0756163893222737
5,49,0.0,401.7831858762436,4.241609207374919,2.1512327786445473
5,50,0.0,400.0400007812393,3.947351224988811,3.226849167966821
5,51,0.0,401.8015351867258,3.653093242602702,2.1512327786445473
5,52,0.0,410.04037818974604,3.4569212543452945,3.226849167966821
5,53,0.0,425.678583166327,4.241609207374919,3.226849167966821
5,54,0.0,479.31363498259293,4.339695201503621,3.226849167966821
5,55,2.1864148022681253,520.8014392650074,4.633953183889732,2.1512327786445473
5,56,78.71093288165252,531.1321044619258,5.516727131048056,1.0756163893222737
5,57,163.98111017010942,533.4991662131905,5.712899119305466,2.1512327786445473
5,58,166.16752497237755,537.5681271857741,5.3205551427906554,2.1512327786445473
5,59,183.65884339052255,545.77027156783,5.418641136919357,1.0756163893222737
5,60,92.92262909639534,551.1879072103858,5.3205551427906554,1.0756163893222737
5,61,143.21016954856225,548.141920771548,5.516727131048056,1.0756163893222737
5,62,88.54979949185909,540.1049201838318,5.8109851134341675,0.0
5,63,19.67773322041313,533.1872278351271,5.516727131048056,1.0756163893222737
5,64,0.0,531.517440081918,4.928211166275841,1.0756163893222737
5,65,0.0,544.1234204776898,4.339695201503621,1.0756163893222737
5,66,0.0,538.8846905873688,3.849265230860107,2.1512327786445473
5,67,0.0,528.6090734217632,3.162663271959186,2.1512327786445473
5,68,0.0,498.19966881331567,3.064577277830482,3.226849167966821
5,69,0.0,474.8318143743608,2.868405289573075,3.226849167966821
5,70,0.0,451.23000625172466,2.2798893248008576,3.226849167966821
5,71,0.0,419.6049593994013,1.7894593541573414,2.1512327786445473
5,72,0.0,389.9387021151474,1.6913733600286398,2.1512327786445473
5,73,0.0,381.19066557148085,1.4952013717712325,3.226849167966821
5,74,0.0,377.64924745002565,1.2990293835138274,3.226849167966821
5,75,0.0,380.6493606625911,1.2009433893851238,3.226849167966821
5,76,0.0,388.4661695245211,1.10285739525642,3.226849167966821
5,77,0.0,408.53573433074246,1.0047714011277187,3.226849167966821
5,78,0.0,462.1111508629747,1.2009433893851238,3.226849167966821
5,79,0.0,502.81452194751,1.4952013717712325,3.226849167966821
5,80,29.516599830619693,519.9160848095432,1.5932873658999362,4.302465557289095
5,81,63.406029265775636,519.1729374853494,1.9856313424147487,3.226849167966821
5,82,86.36338468959094,523.3978675470986,2.377975318929561,4.302465557289095
5,83,181.47242858825445,525.4484036675791,2.868405289573075,4.302465557289095
5,84,91.82942169526127,525.0997666685515,3.064577277830482,3.226849167966821
5,85,74.33810327711628,516.5260486243988,2.7703192954443736,3.226849167966821
5,86,44.82150344649658,506.1953834274804,2.7703192954443736,3.226849167966821
5,87,9.838866610206566,497.5299188309168,2.9664912837017807,3.226849167966821
5,88,0.0,500.40617412282785,2.9664912837017807,3.226849167966821
5,89,0.0,526.0998044393621,2.9664912837017807,3.226849167966821
5,90,0.0,524.1456022238795,2.9664912837017807,2.1512327786445473
5,91,0.0,511.5120979123172,3.064577277830482,1.0756163893222737
5,92,0.0,486.4698683675659,3.064577277830482,2.1512327786445473
5,93,0.0,468.36368038213504,3.358835260216593,1.0756163893222737
5,94,0.0,451.11991028896546,3.4569212543452945,2.1512327786445473
5,95,0.0,426.02722016535455,3.4569212543452945,2.1512327786445473
5,96,0.0,400.37487582237173,3.358835260216593,2.1512327786445473
5,97,0.0,386.9156522395128,3.4569212543452945,2.1512327786445473
5,98,0.0,382.9292633138981,3.358835260216593,2.1512327786445473
5,99,0.0,379.18600267727277,3.2607492660878896,1.0756163893222737
5,100,0.0,378.0391704226048,3.4569212543452945,1.0756163893222737
5,101,0.0,376.68590840004555,3.358835260216593,2.1512327786445473
5,102,0.0,382.2503385264588,3.162663271959186,2.1512327786445473
5,103,0.0,407.8980955168546,3.2607492660878896,2.1512327786445473
5,104,28.423392429485638,434.4679056835449,3.162663271959186,3.226849167966821
5,105,116.97319192134474,449.3079153046194,2.7703192954443736,4.302465557289095
5,106,84.17696988732284,459.9092329060496,2.67223330131567,4.302465557289095
5,107,95.10904389866347,465.2121853331251,2.181803330672156,4.302465557289095
5,108,171.63356197804785,462.8175994663379,2.7703192954443736,3.226849167966821
5,109,138.83733994402598,454.47324785314555,2.377975318929561,3.226849167966821
5,110,43.728296045362505,449.82628355043994,1.10285739525642,3.226849167966821
5,111,8.745659209072501,448.303290281088,1.6913733600286398,3.226849167966821
5,112,0.0,454.87234553089866,1.2009433893851238,3.226849167966821
5,113,0.0,482.5247653156365,0.9066854069990128,4.302465557289095
5,114,0.0,482.5981625575651,0.4162554363554978,3.226849167966821
5,115,0.0,469.82703836745344,0.023911459840686433,3.226849167966821
5,116,0.0,441.8397435415833,0.22008344809809158,3.226849167966821
5,117,0.0,425.5868365140499,0.22008344809809158,2.1512327786445473
5,118,0.0,415.77912691553917,0.5143414304842014,3.226849167966821
5,119,0.0,395.9802145138297,0.5143414304842014,3.226849167966821
5,120,0.0,379.0621448564845,0.5143414304842014,3.226849167966821
5,121,0.0,369.8003274195845,0.612427424612904,2.1512327786445473
5,122,0.0,362.0982018730009,0.4162554363554978,2.1512327786445473
5,123,0.0,355.7722750120457,0.5143414304842014,2.1512327786445473
5,124,0.0,356.89617060364446,0.22008344809809158,2.1512327786445473
5,125,0.0,355.27225617657336,0.3181694422267963,3.226849167966821
5,126,0.0,349.8959064077029,0.5143414304842014,3.226849167966821
5,127,0.0,358.6072444302713,0.8085994128703113,3.226849167966821
5,128,27.33018502835157,376.83270288390315,0.612427424612904,3.226849167966821
5,129,60.12640706237345,395.51689429932196,0.7105134187416077,2.1512327786445473
5,130,83.08376248618877,417.63699522602366,0.7105134187416077,3.226849167966821
5,131,177.09959898371818,431.9723986590388,1.10285739525642,3.226849167966821
5,132,169.44714717577972,435.0917824396714,1.6913733600286398,2.1512327786445473
5,133,136.65092514175785,427.0960678255068,1.6913733600286398,3.226849167966821
5,134,81.99055508505471,418.5819850653877,1.0047714011277187,2.1512327786445473
5,135,16.398111017010944,413.1138887441063,1.7894593541573414,2.1512327786445473
5,136,0.0,419.89854846698233,0.7105134187416077,2.1512327786445473
5,137,0.0,444.72517353866857,1.2990293835138274,3.226849167966821
5,138,0.0,451.49607130364944,1.2009433893851238,3.226849167966821
5,139,0.0,445.86741854061546,1.0047714011277187,3.226849167966821
5,140,0.0,428.87595154147544,1.0047714011277187,2.1512327786445473
5,141,0.0,420.05451765601396,0.7105134187416077,2.1512327786445473
5,142,0.0,417.04522973827443,0.612427424612904,2.1512327786445473
5,143,0.0,390.5671662238611,0.612427424612904,3.226849167966821
5,144,0.0,368.7727656331176,0.4162554363554978,3.226849167966821
5,145,0.0,360.63943114040353,0.4162554363554978,2.1512327786445473
5,146,0.0,362.781713913161,0.3181694422267963,2.1512327786445473
5,147,0.0,370.91504840587527,0.3181694422267963,2.1512327786445473
5,148,0.0,380.68605938342154,0.023911459840686433,3.226849167966821
5,149,0.0,399.72347505058895,-0.27034652254542235,3.226849167966821
5,150,0.0,461.4964487121562,-0.1722605284167198,2.1512327786445473
5,151,0.0,510.4615995626472,-0.1722605284167198,2.1512327786445473
5,152,26.236977627217513,526.8979996950025,-0.27034652254542235,3.226849167966821
5,153,59.03319966123939,530.5632756372457,-0.1722605284167198,3.226849167966821
5,154,81.99055508505471,540.8388928028513,-0.1722605284167198,3.226849167966821
5,155,174.91318418145002,545.2381413641147,0.612427424612904,3.226849167966821
5,156,167.26073237351162,544.0500231358949,0.7105134187416077,2.1512327786445473
5,157,133.37130293835568,542.9720008704348,1.2009433893851238,2.1512327786445473
5,158,137.74413254289192,536.9763616980248,1.0047714011277187,3.226849167966821
5,159,26.236977627217513,534.7148084570663,0.5143414304842014,2.1512327786445473
5,160,0.0,533.0358459986826,-0.1722605284167198,1.0756163893222737
5,161,0.0,546.8024206070179,-0.46651851080282963,1.0756163893222737
5,162,0.0,545.0179496383283,-0.1722605284167198,2.1512327786445473
5,163,0.0,533.3064984031944,0.023911459840686433,1.0756163893222737
5,164,0.0,504.2778799328284,0.121997453969389,1.0756163893222737
5,165,0.0,481.0155340041796,0.023911459840686433,1.0756163893222737
5,166,0.0,459.30370546040524,-0.07417453428801828,0.0
5,167,0.0,423.6096977353643,-0.07417453428801828,0.0
6,0,0.0,413.7148288371635,0.023911459840686433,2.3663560565090025
6,1,0.0,399.15923357849607,-0.1722605284167198,2.473917695441229
6,2,0.0,397.99863936593295,-0.27034652254542235,1.9361095007800924
6,3,0.0,401.51712082431897,-0.5646045049315322,2.0436711397123197
6,4,0.0,407.61368115444765,-0.858862487317641,2.0436711397123197
6,5,0.0,422.14175239745896,-1.5454644462185643,3.226849167966821
6,6,0.0,478.3044225066082,-1.9378084227333758,3.226849167966821
6,7,0.0,525.7878660612988,-2.2320664051194856,3.226849167966821
6,8,21.864148022681253,537.3204113444657,-2.624410381634299,3.226849167966821
6,9,80.89734768392064,530.8935633257912,-2.624410381634299,3.226849167966821
6,10,195.68412480299727,536.9625997401298,-2.133980410990783,3.226849167966821
6,11,263.46298367330917,546.435434297508,-1.9378084227333758,4.302465557289095
6,12,254.71732446423667,543.0591600702585,-1.2512064638324545,4.302465557289095
6,13,172.7267693791819,536.4442314943093,-1.3492924579611572,3.226849167966821
6,14,57.93999226010533,532.398207284661,-1.643550440347267,4.302465557289095
6,15,3.279622203402189,532.870702204343,-1.9378084227333758,4.302465557289095
6,16,0.0,541.3480863434977,-2.428238393376891,4.302465557289095
6,17,0.0,564.1516993103598,-2.918668364020408,5.378081946611368
6,18,0.0,558.945080788282,-3.016754358149109,5.378081946611368
6,19,0.0,548.9309413220142,-2.8205823698917034,4.302465557289095
6,20,0.0,523.9299977508143,-2.7224963757630016,4.302465557289095
6,21,0.0,507.966092538141,-2.7224963757630016,4.302465557289095
6,22,0.0,480.3549586270888,-2.8205823698917034,6.453698335933642
6,23,0.0,450.3859376699458,-3.016754358149109,5.27052030767914
6,24,0.0,428.88971349937054,-2.624410381634299,5.808328502340277
6,25,0.0,416.1873991986005,-2.5263243875055945,4.6251504740857765
6,26,0.0,410.41653920442997,-2.5263243875055945,3.9797806404924123
6,27,0.0,414.5359607558732,-2.428238393376891,5.055397029814686
6,28,0.0,421.2059372632691,-2.5263243875055945,4.947835390882458
6,29,0.0,440.0506852203066,-2.624410381634299,4.302465557289095
6,30,0.0,497.6079034254325,-2.7224963757630016,3.226849167966821
6,31,0.0,538.9443258714025,-2.918668364020408,4.302465557289095
6,32,19.67773322041313,553.4540478039316,-3.016754358149109,4.302465557289095
6,33,77.61772548051846,556.1146987226434,-3.016754358149109,5.378081946611368
6,34,121.34602152588099,565.5600093642315,-2.8205823698917034,5.378081946611368
6,35,142.11696214742815,568.9683948598581,-2.624410381634299,5.378081946611368
6,36,72.15168847484814,565.7664391321225,-2.918668364020408,5.378081946611368
6,37,56.846784858971276,563.4314886492351,-3.114840352277813,4.302465557289095
6,38,30.60980723175376,556.8670206521452,-3.016754358149109,5.378081946611368
6,39,1.0932074011340627,554.642166032151,-3.3110123405352203,5.378081946611368
6,40,0.0,557.1055617882797,-3.5071843287926265,5.378081946611368
6,41,0.0,562.3442915787346,-3.5071843287926265,5.378081946611368
6,42,0.0,554.7522619949102,-3.8014423111787363,5.378081946611368
6,43,0.0,541.9765504522113,-3.8014423111787363,5.162958668746914
6,44,0.0,520.374817671464,-3.8995283053074368,4.947835390882458
6,45,0.0,498.8281329220293,-3.9976142994361403,4.732712113018005
6,46,0.0,480.1577034645056,-3.8014423111787363,4.302465557289095
6,47,0.0,452.30344126446397,-3.4090983346639216,3.8722190015601847
6,48,0.0,427.52268941905015,-3.114840352277813,3.5495340847635024
6,49,0.0,415.41672795861643,-2.918668364020408,3.3344108068990477
6,50,0.0,416.01308069908663,-3.114840352277813,3.4419724458312753
6,51,0.0,423.6326343984336,-3.703356317050032,3.5495340847635024
6,52,0.0,431.3622838608074,-4.095700293564845,3.5495340847635024
6,53,0.0,447.89043064543966,-5.174646228980579,3.226849167966821
6,54,0.0,504.7824861208877,-4.978474240723174,4.302465557289095
6,55,0.0,551.5548936197617,-5.174646228980579,2.1512327786445473
6,56,19.67773322041313,566.3169186463206,-4.880388246594469,2.1512327786445473
6,57,76.5245180793844,566.7389528872766,-4.2918722818222514,1.0756163893222737
6,58,120.2528141247469,575.9319604348349,-3.605270322921329,0.0
6,59,141.0237547462941,588.9737370294587,-2.133980410990783,0.0
6,60,136.65092514175785,590.0334100843029,-1.0550344755750483,0.0
6,61,107.13432531113814,590.4462697199513,-0.6626904990602369,0.0
6,62,55.75357745783721,590.1343313418879,-1.0550344755750483,1.0756163893222737
6,63,5.466037005670313,592.16651805202,-1.3492924579611572,0.0
6,64,0.0,594.5106432400817,-2.7224963757630016,0.0
6,65,0.0,601.7540359247447,-3.2129263464065176,0.0
6,66,0.0,595.6528882420287,-3.2129263464065176,0.0
6,67,0.0,581.5330892820787,-3.016754358149109,1.0756163893222737
6,68,0.0,560.2111836110173,-2.8205823698917034,1.0756163893222737
6,69,0.0,539.5452659644598,-2.7224963757630016,1.0756163893222737
6,70,0.0,516.1453002571278,-2.7224963757630016,1.1831780282545012
6,71,0.0,484.8367791354546,-2.624410381634299,2.3663560565090025
6,72,0.0,456.7393884466913,-2.0358944168620794,2.581479334373457
6,73,0.0,442.8260192546325,-1.8397224286046732,2.689040973305684
6,74,0.0,438.5965018402961,-1.9378084227333758,1.7209862229156376
6,75,0.0,445.1976684583504,-1.8397224286046732,1.9361095007800924
6,76,0.0,451.9502169128492,-1.7416364344759716,2.581479334373457
6,77,0.0,465.1296133860223,-1.3492924579611572,2.1512327786445473
6,78,0.0,518.2187730406775,-1.4473784520898607,2.1512327786445473
6,79,0.0,557.793661181027,-1.9378084227333758,2.1512327786445473
6,80,17.491318418145003,575.5924980411155,-2.133980410990783,2.1512327786445473
6,81,75.43131067825033,575.7392926248391,-1.8397224286046732,2.1512327786445473
6,82,119.15960672361287,581.9597108756224,-0.6626904990602369,3.226849167966821
6,83,138.83733994402598,588.4416068257432,-0.46651851080282963,3.226849167966821
6,84,135.5577177406238,583.0377331410824,0.121997453969389,3.226849167966821
6,85,106.04111791000409,578.2623235651355,-0.27034652254542235,5.378081946611368
6,86,54.66037005670314,571.7620783045326,-0.6626904990602369,5.378081946611368
6,87,1.0932074011340627,564.3168431046992,-0.858862487317641,5.378081946611368
6,88,0.0,569.9684325308023,-1.0550344755750483,6.453698335933642
6,89,0.0,581.2624367777008,-2.330152399248189,5.378081946611368
6,90,0.0,573.2024996267813,-2.5263243875055945,6.453698335933642
6,91,0.0,555.5366951927894,-2.5263243875055945,5.378081946611368
6,92,0.0,524.879574842899,-2.2320664051194856,5.378081946611368
6,93,0.0,508.3055548319945,-1.8397224286046732,4.302465557289095
6,94,0.0,490.685623824007,-1.5454644462185643,5.27052030767914
6,95,0.0,458.9596557140986,-1.5454644462185643,4.840273751950231
6,96,0.0,428.5043778793786,-1.643550440347267,4.517588835153549
6,97,0.0,414.1597997411892,-1.8397224286046732,4.194903918356867
6,98,0.0,410.1412994473311,-1.5454644462185643,3.8722190015601847
6,99,0.0,406.59988142574207,-0.9569484814463457,3.5495340847635024
6,100,0.0,406.13656121123415,-0.7607764931889385,2.0436711397123197
6,101,0.0,400.3611138644768,-1.5454644462185643,2.1512327786445473
6,102,0.0,404.4575987528506,-1.5454644462185643,2.1512327786445473
6,103,0.0,424.1831138127651,-1.5454644462185643,1.0756163893222737
6,104,17.491318418145003,450.2712544544657,-1.4473784520898607,1.0756163893222737
6,105,74.33810327711628,472.2078621764794,-1.4473784520898607,1.0756163893222737
6,106,118.06639932247877,487.6579865957853,-0.9569484814463457,1.0756163893222737
6,107,137.74413254289192,492.70863592883114,-0.6626904990602369,1.0756163893222737
6,108,133.37130293835568,491.35537380640596,0.023911459840686433,0.0
6,109,104.94791050887005,481.0522326251441,0.5143414304842014,2.1512327786445473
6,110,54.66037005670314,473.7400300511393,0.5143414304842014,1.0756163893222737
6,111,2.1864148022681253,466.26268368279517,-0.1722605284167198,2.1512327786445473
6,112,0.0,469.983007556485,-0.6626904990602369,3.226849167966821
6,113,0.0,483.89637674854384,-1.153120469703752,2.1512327786445473
6,114,0.0,480.3457840217807,-1.3492924579611572,1.0756163893222737
6,115,0.0,466.9737196387455,-1.9378084227333758,3.226849167966821
6,116,0.0,443.37649876883023,-1.9378084227333758,3.226849167966821
6,117,0.0,436.73863362967774,-1.0550344755750483,6.453698335933642
6,118,0.0,427.4722288401907,-1.3492924579611572,6.023451780204731
6,119,0.0,400.6684648899529,-0.7607764931889385,7.636876364188141
6,120,0.0,381.75031969098666,-0.6626904990602369,7.529314725255913
6,121,0.0,365.73136644700077,-0.5646045049315322,5.162958668746914
6,122,0.0,358.1393368631764,-0.7607764931889385,5.162958668746914
6,123,0.0,358.70357833526947,-0.9569484814463457,4.517588835153549
6,124,0.0,362.2908696829968,-1.4473784520898607,5.4856435855435945
6,125,0.0,360.0017924263818,-1.2512064638324545,4.302465557289095
6,126,0.0,352.21709493269526,-1.643550440347267,3.226849167966821
6,127,0.0,362.66703059781474,-2.428238393376891,5.378081946611368
6,128,16.398111017010944,382.8925645930677,-2.2320664051194856,4.302465557289095
6,129,73.24489587598221,408.87978397718297,-1.7416364344759716,3.226849167966821
6,130,61.21961446350752,434.9449879558141,-1.153120469703752,4.302465557289095
6,131,72.15168847484814,456.8403097042764,-0.27034652254542235,5.378081946611368
6,132,69.96527367258001,460.6065069041049,0.22008344809809158,4.302465557289095
6,133,54.66037005670314,451.52818257202676,-0.07417453428801828,3.226849167966821
6,134,28.423392429485638,446.3674373760877,0.22008344809809158,4.302465557289095
6,135,1.0932074011340627,445.33528833689985,0.023911459840686433,3.226849167966821
6,136,0.0,450.60154214301105,0.4162554363554978,5.378081946611368
6,137,0.0,472.3087834340644,0.4162554363554978,4.302465557289095
6,138,0.0,479.88246370740677,0.5143414304842014,5.378081946611368
6,139,0.0,477.40530599338274,0.9066854069990128,5.378081946611368
6,140,0.0,465.0516287915065,1.2009433893851238,4.302465557289095
6,141,0.0,455.3081417297502,1.0047714011277187,3.226849167966821
6,142,0.0,446.9454408060757,1.2990293835138274,4.732712113018005
6,143,0.0,420.67839441214056,1.397115377642529,4.0873422794246395
6,144,0.0,400.7005761583302,1.2009433893851238,3.4419724458312753
6,145,0.0,391.27820217981144,1.2990293835138274,3.8722190015601847
6,146,0.0,390.6268015078947,1.10285739525642,3.6570957236957304
6,147,0.0,396.3655502336879,1.0047714011277187,3.0117258901023654
6,148,0.0,405.6503043336572,0.9066854069990128,2.9041642511701387
6,149,0.0,427.0914804729197,1.0047714011277187,2.1512327786445473
6,150,0.0,485.7863563274056,1.0047714011277187,2.1512327786445473
6,151,0.0,531.5312020398128,1.397115377642529,2.1512327786445473
6,152,7.65245180793844,543.3619238430138,1.6913733600286398,2.1512327786445473
6,153,37.16905163855814,541.8756291946261,1.7894593541573414,1.0756163893222737
6,154,60.12640706237345,544.1555317460671,2.2798893248008576,1.0756163893222737
6,155,72.15168847484814,553.7292875610306,2.2798893248008576,2.1512327786445473
6,156,69.96527367258001,550.1511709184771,3.162663271959186,3.226849167966821
6,157,102.76149570660189,540.7563208557485,3.358835260216593,4.302465557289095
6,158,53.56716265556907,537.1185689291614,3.947351224988811,3.226849167966821
6,159,2.1864148022681253,534.0129471064239,3.947351224988811,5.378081946611368
6,160,0.0,541.6600247215611,4.045437219117512,4.302465557289095
6,161,0.0,561.1745226609975,3.947351224988811,4.302465557289095
6,162,0.0,556.0734127490921,3.947351224988811,5.378081946611368
6,163,0.0,543.7656087734881,3.947351224988811,4.302465557289095
6,164,0.0,518.4619014295328,3.947351224988811,4.302465557289095
6,165,0.0,495.53901799446976,3.5550072484739963,4.302465557289095
6,166,0.0,472.89596156922687,3.2607492660878896,4.194903918356867
6,167,0.0,438.674486434812,3.7511792367314034,4.6251504740857765
7,0,0.0,375.33723363020755,-2.2320664051194856,7.636876364188141
7,1,0.0,364.4148030454061,-2.918668364020408,9.250300948171553
7,2,0.0,357.2998556339845,-3.4090983346639216,10.433478976426054
7,3,0.0,350.083986964978,-3.3110123405352203,10.54104061535828
7,4,0.0,345.0608615477223,-3.3110123405352203,10.110794059629372
7,5,0.0,340.5836283919435,-3.3110123405352203,10.756163893222736
7,6,0.0,330.9869359139109,-3.3110123405352203,8.60493111457819
7,7,0.0,326.0234457806888,-3.2129263464065176,9.680547503900462
7,8,2.1864148022681253,330.23002663182206,-3.114840352277813,10.756163893222736
7,9,30.60980723175376,344.7213992538688,-3.114840352277813,10.756163893222736
7,10,55.75357745783721,359.80912461638576,-2.8205823698917034,10.756163893222736
7,11,68.87206627144596,381.2594754608225,-2.330152399248189,9.680547503900462
7,12,68.87206627144596,390.6405634657898,-1.9378084227333758,8.60493111457819
7,13,56.846784858971276,394.97100213771125,-2.133980410990783,8.60493111457819
7,14,32.79622203402189,398.5766427959209,-1.643550440347267,7.529314725255913
7,15,3.279622203402189,393.5626920838393,-1.2512064638324545,6.453698335933642
7,16,0.0,396.8242830956087,-1.0550344755750483,5.378081946611368
7,17,0.0,419.10494056392906,-0.46651851080282963,4.302465557289095
7,18,0.0,428.9355868255092,-0.3684325166741271,4.302465557289095
7,19,0.0,421.45365300471167,-0.07417453428801828,4.302465557289095
7,20,0.0,408.31095515250286,-0.1722605284167198,5.378081946611368
7,21,0.0,405.0034909144614,-0.27034652254542235,3.226849167966821
7,22,0.0,400.4712097273698,0.3181694422267963,4.302465557289095
7,23,0.0,381.5301278653343,0.5143414304842014,5.378081946611368
7,24,0.0,363.15787482797884,0.121997453969389,5.378081946611368
7,25,0.0,353.2630060296443,-0.1722605284167198,5.378081946611368
7,26,0.0,348.89128138417146,0.3181694422267963,4.302465557289095
7,27,0.0,351.77671138125663,0.9066854069990128,3.226849167966821
7,28,0.0,359.95133184752234,1.2009433893851238,6.453698335933642
7,29,0.0,373.08485499455696,1.2990293835138274,3.226849167966821
7,30,0.0,409.67339188023624,1.2990293835138274,4.302465557289095
7,31,0.0,448.1931943183287,1.7894593541573414,6.453698335933642
7,32,3.279622203402189,474.84098907953495,2.4760613130582647,2.1512327786445473
7,33,30.60980723175376,483.3642465448282,2.574147307186966,3.226849167966821
7,34,55.75357745783721,490.6764491188328,2.67223330131567,3.226849167966821
7,35,69.96527367258001,504.52100832168384,2.7703192954443736,2.1512327786445473
7,36,69.96527367258001,503.82373432362857,3.162663271959186,6.453698335933642
7,37,56.846784858971276,504.3558645273442,3.849265230860107,5.378081946611368
7,38,83.08376248618877,503.84208363411074,4.339695201503621,5.378081946611368
7,39,13.118488813608757,502.10807324428055,4.928211166275841,6.453698335933642
7,40,0.0,505.02561450974315,4.830125172147139,6.453698335933642
7,41,0.0,526.4759653541798,4.535867189761029,7.529314725255913
7,42,0.0,528.8980751367571,3.849265230860107,5.378081946611368
7,43,0.0,515.7599646371357,4.535867189761029,6.453698335933642
7,44,0.0,486.9836491609331,4.339695201503621,6.453698335933642
7,45,0.0,467.82237557311146,4.339695201503621,4.302465557289095
7,46,0.0,449.4363605778609,4.045437219117512,6.453698335933642
7,47,0.0,421.11419071085817,4.045437219117512,3.226849167966821
7,48,0.0,400.8152593738104,4.4377811956323265,3.226849167966821
7,49,0.0,389.4799692532267,4.339695201503621,4.302465557289095
7,50,0.0,385.9247891738764,4.535867189761029,5.378081946611368
7,51,0.0,383.300836975995,4.339695201503621,5.378081946611368
7,52,0.0,397.058236879156,4.4377811956323265,5.378081946611368
7,53,0.0,413.6047329742705,3.7511792367314034,5.378081946611368
7,54,0.0,444.94077801173364,3.7511792367314034,7.529314725255913
7,55,0.0,483.09818149290345,3.4569212543452945,7.529314725255913
7,56,3.279622203402189,506.8376094940891,3.358835260216593,4.302465557289095
7,57,31.703014632887818,516.9801941337324,3.162663271959186,4.302465557289095
7,58,55.75357745783721,528.5953114638681,3.2607492660878896,4.302465557289095
7,59,132.2780955372216,538.49476761479,2.868405289573075,5.378081946611368
7,60,210.9890284188741,542.1967421779976,3.162663271959186,4.302465557289095
7,61,109.32074011340627,539.0819457499521,3.5550072484739963,4.302465557289095
7,62,33.88942943515595,529.2054262620996,2.868405289573075,4.302465557289095
7,63,4.372829604536251,523.7877905196779,3.162663271959186,4.302465557289095
7,64,0.0,522.5629736704939,2.377975318929561,3.226849167966821
7,65,0.0,537.7607949957702,1.887545348286045,2.1512327786445473
7,66,0.0,539.5865519380114,1.6913733600286398,3.226849167966821
7,67,0.0,525.9484226029174,1.2009433893851238,3.226849167966821
7,68,0.0,493.36462395333507,0.8085994128703113,3.226849167966821
7,69,0.0,480.5338644791895,0.4162554363554978,3.226849167966821
7,70,0.0,461.00560448199195,0.023911459840686433,2.1512327786445473
7,71,0.0,430.839328362266,-0.07417453428801828,4.302465557289095
7,72,0.0,397.3243019310808,0.121997453969389,4.302465557289095
7,73,0.0,383.4384567546782,0.612427424612904,6.453698335933642
7,74,0.0,379.6906089651982,0.9066854069990128,8.60493111457819
7,75,0.0,380.25485043729117,1.0047714011277187,10.756163893222736
7,76,0.0,388.9340770916161,0.9066854069990128,9.680547503900462
7,77,0.0,404.9163316147714,1.10285739525642,9.680547503900462
7,78,0.0,441.15164414883606,1.10285739525642,8.60493111457819
7,79,0.0,469.37289275825356,1.397115377642529,9.680547503900462
7,80,3.279622203402189,493.21782946947746,1.4952013717712325,9.680547503900462
7,81,31.703014632887818,499.71807473008056,1.6913733600286398,8.60493111457819
7,82,56.846784858971276,511.2460327605263,2.08371733654345,9.680547503900462
7,83,69.96527367258001,521.8427630093696,2.2798893248008576,8.60493111457819
7,84,71.05848107371408,526.4025681122512,2.08371733654345,8.60493111457819
7,85,57.93999226010533,521.4023794579308,1.7894593541573414,8.60493111457819
7,86,33.88942943515595,512.3928651150607,2.181803330672156,7.529314725255913
7,87,5.466037005670313,509.3514659289436,2.4760613130582647,8.60493111457819
7,88,0.0,506.97522937263847,2.9664912837017807,5.378081946611368
7,89,0.0,517.8563739838886,4.045437219117512,7.529314725255913
7,90,0.0,510.61756875167885,4.4377811956323265,6.453698335933642
7,91,0.0,495.4793827104362,4.4377811956323265,5.378081946611368
7,92,0.0,466.48287550844753,4.045437219117512,7.529314725255913
7,93,0.0,456.8081984358991,3.7511792367314034,6.453698335933642
7,94,0.0,441.0782469069072,4.4377811956323265,8.60493111457819
7,95,0.0,411.1138132024853,3.7511792367314034,6.453698335933642
7,96,0.0,392.30576396627833,3.358835260216593,7.529314725255913
7,97,0.0,375.9381737232648,3.162663271959186,4.302465557289095
7,98,0.0,366.84150008070446,3.162663271959186,5.378081946611368
7,99,0.0,363.6670683686252,3.064577277830482,5.378081946611368
7,100,0.0,366.7681028387757,3.2607492660878896,6.453698335933642
7,101,0.0,364.8139006232932,3.4569212543452945,6.453698335933642
7,102,0.0,362.9193337917104,3.4569212543452945,8.60493111457819
7,103,0.0,373.5252386458616,3.7511792367314034,8.60493111457819
7,104,3.279622203402189,399.2968534570454,3.947351224988811,8.60493111457819
7,105,31.703014632887818,419.4627521682648,3.849265230860107,10.756163893222736
7,106,56.846784858971276,436.8762535082273,3.162663271959186,11.83178028254501
7,107,71.05848107371408,446.2940401341589,3.358835260216593,10.756163893222736
7,108,71.05848107371408,446.0738483085066,3.2607492660878896,10.756163893222736
7,109,59.03319966123939,445.5967660362375,3.7511792367314034,8.60493111457819
7,110,34.982636836290006,438.302912772715,4.4377811956323265,8.60493111457819
7,111,5.466037005670313,435.4954673701458,5.3205551427906554,10.756163893222736
7,112,0.0,441.9452521517554,5.909071107562873,9.680547503900462
7,113,0.0,459.3128800657132,6.399501078206387,9.680547503900462
7,114,0.0,462.55153441441337,6.889931048849903,10.756163893222736
7,115,0.0,455.8127480176757,7.380361019493419,8.60493111457819
7,116,0.0,438.7478837766069,7.576533007750826,9.680547503900462
7,117,0.0,423.0225196002021,7.282275025364715,6.453698335933642
7,118,0.0,416.65071951297443,7.184189031236012,5.378081946611368
7,119,0.0,394.38382400254903,7.478447013622123,4.302465557289095
7,120,0.0,369.4975636468293,7.282275025364715,7.529314725255913
7,121,0.0,355.00160377206157,7.870790990136933,7.529314725255913
7,122,0.0,352.89143236754734,7.7727049960082315,7.529314725255913
7,123,0.0,350.6069424635196,7.870790990136933,8.60493111457819
7,124,0.0,350.2812421275611,7.67461900187953,8.60493111457819
7,125,0.0,347.46920937240463,6.791845054721201,7.529314725255913
7,126,0.0,342.6846250912834,3.849265230860107,7.529314725255913
7,127,0.0,347.22149353109586,3.358835260216593,6.453698335933642
7,128,3.279622203402189,365.50200001604037,3.4569212543452945,6.453698335933642
7,129,31.703014632887818,389.1450942120942,3.4569212543452945,3.226849167966821
7,130,109.32074011340627,407.86139689589015,3.4569212543452945,4.302465557289095
7,131,134.46451033948972,430.2980235532424,3.7511792367314034,5.378081946611368
7,132,137.74413254289192,439.619476274176,4.045437219117512,4.302465557289095
7,133,113.69356971794255,431.10539341419064,4.241609207374919,4.302465557289095
7,134,36.07584423742407,424.917086531651,4.143523213246218,5.378081946611368
7,135,5.466037005670313,423.4353792358505,3.947351224988811,5.378081946611368
7,136,0.0,435.807405748209,3.947351224988811,4.302465557289095
7,137,0.0,460.046852784599,3.653093242602702,4.302465557289095
7,138,0.0,469.50592538408216,3.4569212543452945,4.302465557289095
7,139,0.0,463.5286355221545,3.4569212543452945,3.226849167966821
7,140,0.0,446.75736034866685,3.4569212543452945,4.302465557289095
7,141,0.0,437.422145669838,3.4569212543452945,3.226849167966821
7,142,0.0,432.9173884984029,3.162663271959186,3.226849167966821
7,143,0.0,405.5447957234849,3.064577277830482,2.1512327786445473
7,144,0.0,383.6815852433999,2.868405289573075,3.226849167966821
7,145,0.0,367.89199853024064,2.4760613130582647,3.226849167966821
7,146,0.0,368.32320737650497,2.4760613130582647,3.226849167966821
7,147,0.0,370.16731372909436,2.181803330672156,4.302465557289095
7,148,0.0,381.4934292443701,2.181803330672156,2.1512327786445473
7,149,0.0,409.45320015445003,2.2798893248008576,2.1512327786445473
7,150,0.0,478.72186949484365,1.7894593541573414,3.226849167966821
7,151,0.0,536.2745003473825,1.6913733600286398,3.226849167966821
7,152,6.559244406804378,559.224907798102,1.9856313424147487,4.302465557289095
7,153,61.21961446350752,559.7524506492306,2.08371733654345,5.378081946611368
7,154,200.05695440753348,564.9223705503438,2.574147307186966,6.453698335933642
7,155,237.22600604609164,575.1062411635384,3.358835260216593,7.529314725255913
7,156,185.84525819279068,575.3906555259452,3.064577277830482,7.529314725255913
7,157,198.96374700639944,579.5192517825627,3.064577277830482,6.453698335933642
7,158,109.32074011340627,576.0466436503153,3.064577277830482,5.378081946611368
7,159,17.491318418145003,570.000543899046,3.2607492660878896,5.378081946611368
7,160,0.0,573.7254551253229,2.9664912837017807,5.378081946611368
7,161,0.0,590.0655213526801,2.181803330672156,4.302465557289095
7,162,0.0,590.63435017736,2.377975318929561,4.302465557289095
7,163,0.0,573.5970098520814,2.08371733654345,3.226849167966821
7,164,0.0,538.6599115089956,1.5932873658999362,3.226849167966821
7,165,0.0,516.5673345979501,1.887545348286045,3.226849167966821
7,166,0.0,485.8735155272295,1.7894593541573414,4.302465557289095
7,167,0.0,441.5461544740021,1.6913733600286398,2.1512327786445473
